-- MySQL dump 10.13  Distrib 5.7.17, for Win64 (x86_64)
--
-- Host: localhost    Database: cmf
-- ------------------------------------------------------
-- Server version	5.7.11

/*!40101 SET @OLD_CHARACTER_SET_CLIENT=@@CHARACTER_SET_CLIENT */;
/*!40101 SET @OLD_CHARACTER_SET_RESULTS=@@CHARACTER_SET_RESULTS */;
/*!40101 SET @OLD_COLLATION_CONNECTION=@@COLLATION_CONNECTION */;
/*!40101 SET NAMES utf8 */;
/*!40103 SET @OLD_TIME_ZONE=@@TIME_ZONE */;
/*!40103 SET TIME_ZONE='+00:00' */;
/*!40014 SET @OLD_UNIQUE_CHECKS=@@UNIQUE_CHECKS, UNIQUE_CHECKS=0 */;
/*!40014 SET @OLD_FOREIGN_KEY_CHECKS=@@FOREIGN_KEY_CHECKS, FOREIGN_KEY_CHECKS=0 */;
/*!40101 SET @OLD_SQL_MODE=@@SQL_MODE, SQL_MODE='NO_AUTO_VALUE_ON_ZERO' */;
/*!40111 SET @OLD_SQL_NOTES=@@SQL_NOTES, SQL_NOTES=0 */;

--
-- Table structure for table `cmf_admin_menu`
--

DROP TABLE IF EXISTS `cmf_admin_menu`;
/*!40101 SET @saved_cs_client     = @@character_set_client */;
/*!40101 SET character_set_client = utf8 */;
CREATE TABLE `cmf_admin_menu` (
  `id` int(10) unsigned NOT NULL AUTO_INCREMENT,
  `parent_id` int(10) unsigned NOT NULL DEFAULT '0' COMMENT '父菜单id',
  `type` tinyint(3) unsigned NOT NULL DEFAULT '1' COMMENT '菜单类型;1:有界面可访问菜单,2:无界面可访问菜单,0:只作为菜单',
  `status` tinyint(3) unsigned NOT NULL DEFAULT '0' COMMENT '状态;1:显示,0:不显示',
  `list_order` float NOT NULL DEFAULT '10000' COMMENT '排序',
  `app` varchar(40) CHARACTER SET utf8 NOT NULL DEFAULT '' COMMENT '应用名',
  `controller` varchar(30) CHARACTER SET utf8 NOT NULL DEFAULT '' COMMENT '控制器名',
  `action` varchar(30) CHARACTER SET utf8 NOT NULL DEFAULT '' COMMENT '操作名称',
  `param` varchar(50) CHARACTER SET utf8 NOT NULL DEFAULT '' COMMENT '额外参数',
  `name` varchar(30) CHARACTER SET utf8mb4 COLLATE utf8mb4_unicode_ci NOT NULL DEFAULT '' COMMENT '菜单名称',
  `icon` varchar(20) CHARACTER SET utf8 NOT NULL DEFAULT '' COMMENT '菜单图标',
  `remark` varchar(255) CHARACTER SET utf8mb4 COLLATE utf8mb4_unicode_ci NOT NULL DEFAULT '' COMMENT '备注',
  PRIMARY KEY (`id`),
  KEY `status` (`status`),
  KEY `parent_id` (`parent_id`),
  KEY `controller` (`controller`)
) ENGINE=InnoDB AUTO_INCREMENT=237 DEFAULT CHARSET=utf8mb4 COMMENT='后台菜单表';
/*!40101 SET character_set_client = @saved_cs_client */;

--
-- Dumping data for table `cmf_admin_menu`
--

LOCK TABLES `cmf_admin_menu` WRITE;
/*!40000 ALTER TABLE `cmf_admin_menu` DISABLE KEYS */;
INSERT INTO `cmf_admin_menu` VALUES (1,0,0,1,20,'admin','Plugin','default','','插件中心','cloud','插件中心'),(2,1,1,1,10000,'admin','Hook','index','','钩子管理','','钩子管理'),(3,2,1,0,10000,'admin','Hook','plugins','','钩子插件管理','','钩子插件管理'),(4,2,2,0,10000,'admin','Hook','pluginListOrder','','钩子插件排序','','钩子插件排序'),(5,2,1,0,10000,'admin','Hook','sync','','同步钩子','','同步钩子'),(6,0,0,1,0,'admin','Setting','default','','设置','cogs','系统设置入口'),(7,6,1,1,50,'admin','Link','index','','友情链接','','友情链接管理'),(8,7,1,0,10000,'admin','Link','add','','添加友情链接','','添加友情链接'),(9,7,2,0,10000,'admin','Link','addPost','','添加友情链接提交保存','','添加友情链接提交保存'),(10,7,1,0,10000,'admin','Link','edit','','编辑友情链接','','编辑友情链接'),(11,7,2,0,10000,'admin','Link','editPost','','编辑友情链接提交保存','','编辑友情链接提交保存'),(12,7,2,0,10000,'admin','Link','delete','','删除友情链接','','删除友情链接'),(13,7,2,0,10000,'admin','Link','listOrder','','友情链接排序','','友情链接排序'),(14,7,2,0,10000,'admin','Link','toggle','','友情链接显示隐藏','','友情链接显示隐藏'),(15,6,1,1,10,'admin','Mailer','index','','邮箱配置','','邮箱配置'),(16,15,2,0,10000,'admin','Mailer','indexPost','','邮箱配置提交保存','','邮箱配置提交保存'),(17,15,1,0,10000,'admin','Mailer','template','','邮件模板','','邮件模板'),(18,15,2,0,10000,'admin','Mailer','templatePost','','邮件模板提交','','邮件模板提交'),(19,15,1,0,10000,'admin','Mailer','test','','邮件发送测试','','邮件发送测试'),(20,6,1,0,10000,'admin','Menu','index','','后台菜单','','后台菜单管理'),(21,20,1,0,10000,'admin','Menu','lists','','所有菜单','','后台所有菜单列表'),(22,20,1,0,10000,'admin','Menu','add','','后台菜单添加','','后台菜单添加'),(23,20,2,0,10000,'admin','Menu','addPost','','后台菜单添加提交保存','','后台菜单添加提交保存'),(24,20,1,0,10000,'admin','Menu','edit','','后台菜单编辑','','后台菜单编辑'),(25,20,2,0,10000,'admin','Menu','editPost','','后台菜单编辑提交保存','','后台菜单编辑提交保存'),(26,20,2,0,10000,'admin','Menu','delete','','后台菜单删除','','后台菜单删除'),(27,20,2,0,10000,'admin','Menu','listOrder','','后台菜单排序','','后台菜单排序'),(28,20,1,0,10000,'admin','Menu','getActions','','导入新后台菜单','','导入新后台菜单'),(29,6,1,1,30,'admin','Nav','index','','导航管理','','导航管理'),(30,29,1,0,10000,'admin','Nav','add','','添加导航','','添加导航'),(31,29,2,0,10000,'admin','Nav','addPost','','添加导航提交保存','','添加导航提交保存'),(32,29,1,0,10000,'admin','Nav','edit','','编辑导航','','编辑导航'),(33,29,2,0,10000,'admin','Nav','editPost','','编辑导航提交保存','','编辑导航提交保存'),(34,29,2,0,10000,'admin','Nav','delete','','删除导航','','删除导航'),(35,29,1,0,10000,'admin','NavMenu','index','','导航菜单','','导航菜单'),(36,35,1,0,10000,'admin','NavMenu','add','','添加导航菜单','','添加导航菜单'),(37,35,2,0,10000,'admin','NavMenu','addPost','','添加导航菜单提交保存','','添加导航菜单提交保存'),(38,35,1,0,10000,'admin','NavMenu','edit','','编辑导航菜单','','编辑导航菜单'),(39,35,2,0,10000,'admin','NavMenu','editPost','','编辑导航菜单提交保存','','编辑导航菜单提交保存'),(40,35,2,0,10000,'admin','NavMenu','delete','','删除导航菜单','','删除导航菜单'),(41,35,2,0,10000,'admin','NavMenu','listOrder','','导航菜单排序','','导航菜单排序'),(42,1,1,1,10000,'admin','Plugin','index','','插件列表','','插件列表'),(43,42,2,0,10000,'admin','Plugin','toggle','','插件启用禁用','','插件启用禁用'),(44,42,1,0,10000,'admin','Plugin','setting','','插件设置','','插件设置'),(45,42,2,0,10000,'admin','Plugin','settingPost','','插件设置提交','','插件设置提交'),(46,42,2,0,10000,'admin','Plugin','install','','插件安装','','插件安装'),(47,42,2,0,10000,'admin','Plugin','update','','插件更新','','插件更新'),(48,42,2,0,10000,'admin','Plugin','uninstall','','卸载插件','','卸载插件'),(49,110,0,1,10000,'admin','User','default','','管理组','','管理组'),(50,49,1,1,10000,'admin','Rbac','index','','角色管理','','角色管理'),(51,50,1,0,10000,'admin','Rbac','roleAdd','','添加角色','','添加角色'),(52,50,2,0,10000,'admin','Rbac','roleAddPost','','添加角色提交','','添加角色提交'),(53,50,1,0,10000,'admin','Rbac','roleEdit','','编辑角色','','编辑角色'),(54,50,2,0,10000,'admin','Rbac','roleEditPost','','编辑角色提交','','编辑角色提交'),(55,50,2,0,10000,'admin','Rbac','roleDelete','','删除角色','','删除角色'),(56,50,1,0,10000,'admin','Rbac','authorize','','设置角色权限','','设置角色权限'),(57,50,2,0,10000,'admin','Rbac','authorizePost','','角色授权提交','','角色授权提交'),(58,0,1,0,10000,'admin','RecycleBin','index','','回收站','','回收站'),(59,58,2,0,10000,'admin','RecycleBin','restore','','回收站还原','','回收站还原'),(60,58,2,0,10000,'admin','RecycleBin','delete','','回收站彻底删除','','回收站彻底删除'),(61,6,1,1,10000,'admin','Route','index','','URL美化','','URL规则管理'),(62,61,1,0,10000,'admin','Route','add','','添加路由规则','','添加路由规则'),(63,61,2,0,10000,'admin','Route','addPost','','添加路由规则提交','','添加路由规则提交'),(64,61,1,0,10000,'admin','Route','edit','','路由规则编辑','','路由规则编辑'),(65,61,2,0,10000,'admin','Route','editPost','','路由规则编辑提交','','路由规则编辑提交'),(66,61,2,0,10000,'admin','Route','delete','','路由规则删除','','路由规则删除'),(67,61,2,0,10000,'admin','Route','ban','','路由规则禁用','','路由规则禁用'),(68,61,2,0,10000,'admin','Route','open','','路由规则启用','','路由规则启用'),(69,61,2,0,10000,'admin','Route','listOrder','','路由规则排序','','路由规则排序'),(70,61,1,0,10000,'admin','Route','select','','选择URL','','选择URL'),(71,6,1,1,0,'admin','Setting','site','','网站信息','','网站信息'),(72,71,2,0,10000,'admin','Setting','sitePost','','网站信息设置提交','','网站信息设置提交'),(73,6,1,0,10000,'admin','Setting','password','','密码修改','','密码修改'),(74,73,2,0,10000,'admin','Setting','passwordPost','','密码修改提交','','密码修改提交'),(75,6,1,1,10000,'admin','Setting','upload','','上传设置','','上传设置'),(76,75,2,0,10000,'admin','Setting','uploadPost','','上传设置提交','','上传设置提交'),(77,6,1,0,10000,'admin','Setting','clearCache','','清除缓存','','清除缓存'),(78,6,1,1,40,'admin','Slide','index','','幻灯片管理','','幻灯片管理'),(79,78,1,0,10000,'admin','Slide','add','','添加幻灯片','','添加幻灯片'),(80,78,2,0,10000,'admin','Slide','addPost','','添加幻灯片提交','','添加幻灯片提交'),(81,78,1,0,10000,'admin','Slide','edit','','编辑幻灯片','','编辑幻灯片'),(82,78,2,0,10000,'admin','Slide','editPost','','编辑幻灯片提交','','编辑幻灯片提交'),(83,78,2,0,10000,'admin','Slide','delete','','删除幻灯片','','删除幻灯片'),(84,78,1,0,10000,'admin','SlideItem','index','','幻灯片页面列表','','幻灯片页面列表'),(85,84,1,0,10000,'admin','SlideItem','add','','幻灯片页面添加','','幻灯片页面添加'),(86,84,2,0,10000,'admin','SlideItem','addPost','','幻灯片页面添加提交','','幻灯片页面添加提交'),(87,84,1,0,10000,'admin','SlideItem','edit','','幻灯片页面编辑','','幻灯片页面编辑'),(88,84,2,0,10000,'admin','SlideItem','editPost','','幻灯片页面编辑提交','','幻灯片页面编辑提交'),(89,84,2,0,10000,'admin','SlideItem','delete','','幻灯片页面删除','','幻灯片页面删除'),(90,84,2,0,10000,'admin','SlideItem','ban','','幻灯片页面隐藏','','幻灯片页面隐藏'),(91,84,2,0,10000,'admin','SlideItem','cancelBan','','幻灯片页面显示','','幻灯片页面显示'),(92,84,2,0,10000,'admin','SlideItem','listOrder','','幻灯片页面排序','','幻灯片页面排序'),(93,6,1,1,10000,'admin','Storage','index','','文件存储','','文件存储'),(94,93,2,0,10000,'admin','Storage','settingPost','','文件存储设置提交','','文件存储设置提交'),(95,6,1,1,20,'admin','Theme','index','','模板管理','','模板管理'),(96,95,1,0,10000,'admin','Theme','install','','安装模板','','安装模板'),(97,95,2,0,10000,'admin','Theme','uninstall','','卸载模板','','卸载模板'),(98,95,2,0,10000,'admin','Theme','installTheme','','模板安装','','模板安装'),(99,95,2,0,10000,'admin','Theme','update','','模板更新','','模板更新'),(100,95,2,0,10000,'admin','Theme','active','','启用模板','','启用模板'),(101,95,1,0,10000,'admin','Theme','files','','模板文件列表','','启用模板'),(102,95,1,0,10000,'admin','Theme','fileSetting','','模板文件设置','','模板文件设置'),(103,95,1,0,10000,'admin','Theme','fileArrayData','','模板文件数组数据列表','','模板文件数组数据列表'),(104,95,2,0,10000,'admin','Theme','fileArrayDataEdit','','模板文件数组数据添加编辑','','模板文件数组数据添加编辑'),(105,95,2,0,10000,'admin','Theme','fileArrayDataEditPost','','模板文件数组数据添加编辑提交保存','','模板文件数组数据添加编辑提交保存'),(106,95,2,0,10000,'admin','Theme','fileArrayDataDelete','','模板文件数组数据删除','','模板文件数组数据删除'),(107,95,2,0,10000,'admin','Theme','settingPost','','模板文件编辑提交保存','','模板文件编辑提交保存'),(108,95,1,0,10000,'admin','Theme','dataSource','','模板文件设置数据源','','模板文件设置数据源'),(109,95,1,0,10000,'admin','Theme','design','','模板设计','','模板设计'),(110,0,0,1,10,'user','AdminIndex','default','','用户管理','group','用户管理'),(111,49,1,1,10000,'admin','User','index','','管理员','','管理员管理'),(112,111,1,0,10000,'admin','User','add','','管理员添加','','管理员添加'),(113,111,2,0,10000,'admin','User','addPost','','管理员添加提交','','管理员添加提交'),(114,111,1,0,10000,'admin','User','edit','','管理员编辑','','管理员编辑'),(115,111,2,0,10000,'admin','User','editPost','','管理员编辑提交','','管理员编辑提交'),(116,111,1,0,10000,'admin','User','userInfo','','个人信息','','管理员个人信息修改'),(117,111,2,0,10000,'admin','User','userInfoPost','','管理员个人信息修改提交','','管理员个人信息修改提交'),(118,111,2,0,10000,'admin','User','delete','','管理员删除','','管理员删除'),(119,111,2,0,10000,'admin','User','ban','','停用管理员','','停用管理员'),(120,111,2,0,10000,'admin','User','cancelBan','','启用管理员','','启用管理员'),(121,0,1,0,10000,'user','AdminAsset','index','','资源管理','file','资源管理列表'),(122,121,2,0,10000,'user','AdminAsset','delete','','删除文件','','删除文件'),(123,110,0,1,10000,'user','AdminIndex','default1','','用户组','','用户组'),(124,123,1,1,10000,'user','AdminIndex','index','','本站用户','','本站用户'),(125,124,2,0,10000,'user','AdminIndex','ban','','本站用户拉黑','','本站用户拉黑'),(126,124,2,0,10000,'user','AdminIndex','cancelBan','','本站用户启用','','本站用户启用'),(127,123,1,1,10000,'user','AdminOauth','index','','第三方用户','','第三方用户'),(128,127,2,0,10000,'user','AdminOauth','delete','','删除第三方用户绑定','','删除第三方用户绑定'),(129,6,1,1,10000,'user','AdminUserAction','index','','用户操作管理','','用户操作管理'),(130,129,1,0,10000,'user','AdminUserAction','edit','','编辑用户操作','','编辑用户操作'),(131,129,2,0,10000,'user','AdminUserAction','editPost','','编辑用户操作提交','','编辑用户操作提交'),(132,129,1,0,10000,'user','AdminUserAction','sync','','同步用户操作','','同步用户操作'),(162,0,0,1,30,'portal','AdminIndex','default','','门户管理','th','门户管理'),(163,162,1,1,10000,'portal','AdminArticle','index','','文章管理','','文章列表'),(164,163,1,0,10000,'portal','AdminArticle','add','','添加文章','','添加文章'),(165,163,2,0,10000,'portal','AdminArticle','addPost','','添加文章提交','','添加文章提交'),(166,163,1,0,10000,'portal','AdminArticle','edit','','编辑文章','','编辑文章'),(167,163,2,0,10000,'portal','AdminArticle','editPost','','编辑文章提交','','编辑文章提交'),(168,163,2,0,10000,'portal','AdminArticle','delete','','文章删除','','文章删除'),(169,163,2,0,10000,'portal','AdminArticle','publish','','文章发布','','文章发布'),(170,163,2,0,10000,'portal','AdminArticle','top','','文章置顶','','文章置顶'),(171,163,2,0,10000,'portal','AdminArticle','recommend','','文章推荐','','文章推荐'),(172,163,2,0,10000,'portal','AdminArticle','listOrder','','文章排序','','文章排序'),(173,162,1,1,10000,'portal','AdminCategory','index','','分类管理','','文章分类列表'),(174,173,1,0,10000,'portal','AdminCategory','add','','添加文章分类','','添加文章分类'),(175,173,2,0,10000,'portal','AdminCategory','addPost','','添加文章分类提交','','添加文章分类提交'),(176,173,1,0,10000,'portal','AdminCategory','edit','','编辑文章分类','','编辑文章分类'),(177,173,2,0,10000,'portal','AdminCategory','editPost','','编辑文章分类提交','','编辑文章分类提交'),(178,173,1,0,10000,'portal','AdminCategory','select','','文章分类选择对话框','','文章分类选择对话框'),(179,173,2,0,10000,'portal','AdminCategory','listOrder','','文章分类排序','','文章分类排序'),(180,173,2,0,10000,'portal','AdminCategory','toggle','','文章分类显示隐藏','','文章分类显示隐藏'),(181,173,2,0,10000,'portal','AdminCategory','delete','','删除文章分类','','删除文章分类'),(182,162,1,1,10000,'portal','AdminPage','index','','页面管理','','页面管理'),(183,182,1,0,10000,'portal','AdminPage','add','','添加页面','','添加页面'),(184,182,2,0,10000,'portal','AdminPage','addPost','','添加页面提交','','添加页面提交'),(185,182,1,0,10000,'portal','AdminPage','edit','','编辑页面','','编辑页面'),(186,182,2,0,10000,'portal','AdminPage','editPost','','编辑页面提交','','编辑页面提交'),(187,182,2,0,10000,'portal','AdminPage','delete','','删除页面','','删除页面'),(188,162,1,1,10000,'portal','AdminTag','index','','文章标签','','文章标签'),(189,188,1,0,10000,'portal','AdminTag','add','','添加文章标签','','添加文章标签'),(190,188,2,0,10000,'portal','AdminTag','addPost','','添加文章标签提交','','添加文章标签提交'),(191,188,2,0,10000,'portal','AdminTag','upStatus','','更新标签状态','','更新标签状态'),(192,188,2,0,10000,'portal','AdminTag','delete','','删除文章标签','','删除文章标签'),(193,0,0,1,0,'plugin/Demo','AdminIndex','default','','演示插件','dashboard','演示插件入口'),(194,193,1,1,10000,'plugin/Demo','AdminIndex','index','','演示插件用户列表','','演示插件用户列表'),(195,194,1,0,10000,'plugin/Demo','AdminIndex','setting','','演示插件设置','','演示插件设置'),(196,0,0,1,30,'product','AdminIndex','default','','产品管理','shopping-cart','产品管理'),(197,196,1,1,10000,'product','AdminCategory','index','','分类管理','','产品分类列表'),(198,197,1,0,10000,'product','AdminCategory','add','','添加产品分类','','添加产品分类'),(199,197,2,0,10000,'product','AdminCategory','addPost','','添加产品分类提交','','添加产品分类提交'),(200,197,1,0,10000,'product','AdminCategory','edit','','编辑产品分类','','编辑产品分类'),(201,197,2,0,10000,'product','AdminCategory','editPost','','编辑产品分类提交','','编辑产品分类提交'),(202,197,1,0,10000,'product','AdminCategory','select','','产品分类选择对话框','','产品分类选择对话框'),(203,197,2,0,10000,'product','AdminCategory','listOrder','','产品分类排序','','产品分类排序'),(204,197,2,0,10000,'product','AdminCategory','toggle','','产品分类显示隐藏','','产品分类显示隐藏'),(205,197,2,0,10000,'product','AdminCategory','delete','','删除产品分类','','删除产品分类'),(206,196,1,1,10000,'product','AdminItem','index','','产品管理','','产品列表'),(207,206,1,0,10000,'product','AdminItem','add','','添加产品','','添加产品'),(208,206,2,0,10000,'product','AdminItem','addPost','','添加产品提交','','添加产品提交'),(209,206,1,0,10000,'product','AdminItem','edit','','编辑产品','','编辑产品'),(210,206,2,0,10000,'product','AdminItem','editPost','','编辑产品提交','','编辑产品提交'),(211,206,2,0,10000,'product','AdminItem','delete','','产品删除','','产品删除'),(212,206,2,0,10000,'product','AdminItem','publish','','产品发布','','产品发布'),(213,206,2,0,10000,'product','AdminItem','top','','产品置顶','','产品置顶'),(214,206,2,0,10000,'product','AdminItem','recommend','','产品推荐','','产品推荐'),(215,206,2,0,10000,'product','AdminItem','listOrder','','产品排序','','产品排序'),(216,196,1,1,10000,'product','AdminPage','index','','页面管理','','页面管理'),(217,216,1,0,10000,'product','AdminPage','add','','添加页面','','添加页面'),(218,216,2,0,10000,'product','AdminPage','addPost','','添加页面提交','','添加页面提交'),(219,216,1,0,10000,'product','AdminPage','edit','','编辑页面','','编辑页面'),(220,216,2,0,10000,'product','AdminPage','editPost','','编辑页面提交','','编辑页面提交'),(221,216,2,0,10000,'product','AdminPage','delete','','删除页面','','删除页面'),(222,196,1,1,10000,'product','AdminTag','index','','产品标签','','产品标签'),(223,222,1,0,10000,'product','AdminTag','add','','添加产品标签','','添加产品标签'),(224,222,2,0,10000,'product','AdminTag','addPost','','添加产品标签提交','','添加产品标签提交'),(225,222,2,0,10000,'product','AdminTag','upStatus','','更新标签状态','','更新标签状态'),(226,222,2,0,10000,'product','AdminTag','delete','','删除产品标签','','删除产品标签'),(227,162,1,1,10000,'portal','AdminProduct','index','','产品管理','','产品列表'),(228,227,1,0,10000,'portal','AdminProduct','add','','添加产品','','添加产品'),(229,227,2,0,10000,'portal','AdminProduct','addPost','','添加产品提交','','添加产品提交'),(230,227,1,0,10000,'portal','AdminProduct','edit','','编辑产品','','编辑产品'),(231,227,2,0,10000,'portal','AdminProduct','editPost','','编辑产品提交','','编辑产品提交'),(232,227,2,0,10000,'portal','AdminProduct','delete','','产品删除','','产品删除'),(233,227,2,0,10000,'portal','AdminProduct','publish','','产品发布','','产品发布'),(234,227,2,0,10000,'portal','AdminProduct','top','','产品置顶','','产品置顶'),(235,227,2,0,10000,'portal','AdminProduct','recommend','','产品推荐','','产品推荐'),(236,227,2,0,10000,'portal','AdminProduct','listOrder','','产品排序','','产品排序');
/*!40000 ALTER TABLE `cmf_admin_menu` ENABLE KEYS */;
UNLOCK TABLES;

--
-- Table structure for table `cmf_asset`
--

DROP TABLE IF EXISTS `cmf_asset`;
/*!40101 SET @saved_cs_client     = @@character_set_client */;
/*!40101 SET character_set_client = utf8 */;
CREATE TABLE `cmf_asset` (
  `id` bigint(20) unsigned NOT NULL AUTO_INCREMENT,
  `user_id` bigint(20) unsigned NOT NULL DEFAULT '0' COMMENT '用户id',
  `file_size` bigint(20) unsigned NOT NULL DEFAULT '0' COMMENT '文件大小,单位B',
  `create_time` int(10) unsigned NOT NULL DEFAULT '0' COMMENT '上传时间',
  `status` tinyint(3) unsigned NOT NULL DEFAULT '1' COMMENT '状态;1:可用,0:不可用',
  `download_times` int(10) unsigned NOT NULL DEFAULT '0' COMMENT '下载次数',
  `file_key` varchar(64) CHARACTER SET utf8 NOT NULL DEFAULT '' COMMENT '文件惟一码',
  `filename` varchar(100) CHARACTER SET utf8mb4 COLLATE utf8mb4_unicode_ci NOT NULL DEFAULT '' COMMENT '文件名',
  `file_path` varchar(100) CHARACTER SET utf8 NOT NULL DEFAULT '' COMMENT '文件路径,相对于upload目录,可以为url',
  `file_md5` varchar(32) CHARACTER SET utf8 NOT NULL DEFAULT '' COMMENT '文件md5值',
  `file_sha1` varchar(40) CHARACTER SET utf8 NOT NULL DEFAULT '',
  `suffix` varchar(10) NOT NULL DEFAULT '' COMMENT '文件后缀名,不包括点',
  `more` text COMMENT '其它详细信息,JSON格式',
  PRIMARY KEY (`id`)
) ENGINE=InnoDB AUTO_INCREMENT=8 DEFAULT CHARSET=utf8mb4 COMMENT='资源表';
/*!40101 SET character_set_client = @saved_cs_client */;

--
-- Dumping data for table `cmf_asset`
--

LOCK TABLES `cmf_asset` WRITE;
/*!40000 ALTER TABLE `cmf_asset` DISABLE KEYS */;
INSERT INTO `cmf_asset` VALUES (1,1,107056,1586518936,1,0,'53e7e2bbfbcd5e8a5e621d91a6ee8496181dbc14cec812c83fa71f2cd278e220','1e30e924b899a901b25a7f1a13950a7b0208f5ab.jpg','default/20200410/06070cebabcd0023d4d8d4546c17af73.jpg','53e7e2bbfbcd5e8a5e621d91a6ee8496','05ab73c531a02939b9a5cd348c72cfae707c9f34','jpg',NULL),(2,1,23597,1586518986,1,0,'6081eb85dd4755195ff36dedec9d281ce109663103de074ad391cbaabc7017a1','a7qts08447847491405.JPEG','default/20200410/3f21a65f84adb14242bdafc2e7f6c9c9.jpeg','6081eb85dd4755195ff36dedec9d281c','931b1817862b8442b0b9d6a2a6c6a33d6009501d','jpeg',NULL),(3,1,25974,1586519003,1,0,'db8b16a87b26af7422ed8f750ff144cb99aec152cd9fb5d094dc9732d25e770b','a2g78s8447856557405.JPEG','default/20200410/b869bf612a0d87a05537cea477876486.jpeg','db8b16a87b26af7422ed8f750ff144cb','015dbbd4cdb4eac6be09b1a3d6439d7778918bb8','jpeg',NULL),(4,1,20262,1586519066,1,0,'0e8a5ee529dcd0b4502ef98395c1c694125548df191df853c40c036ae6a01a84','a698bq8447745770405.JPEG','default/20200410/13798b86aa2d633c33db59e331dafa72.jpeg','0e8a5ee529dcd0b4502ef98395c1c694','32a73ed4a5028673fe3f840c4ad9b534d05364ba','jpeg',NULL),(5,1,74203,1586528378,1,0,'0eb76a46e134b56bacdea05bf64bcfcafd27310d66b89b974037a302cc203bd5','0034034886597627_b.jpg','default/20200410/0da5e85324843cf169d602e8c649ee4c.jpg','0eb76a46e134b56bacdea05bf64bcfca','bced45b7c2b16de5594da48bae1b520d28793f84','jpg',NULL),(6,1,28988,1586528397,1,0,'c1eeeba5d99b18bbd3a8a820355a1e00dd64accae4e349ee721e71b325d290b5','a1gsmk8447883360405.JPEG','portal/20200410/311e674ac85b99a16dbbc3d14ace5a7d.jpeg','c1eeeba5d99b18bbd3a8a820355a1e00','0c0c401db305a193e3202e610bb13293f4cf0905','jpeg',NULL),(7,1,359626,1587019465,1,0,'ecd905e22c90e4b408ed01aea1b4e723d0f8e06d8a43426a105b53c75589e490','ezgif.com-webp-to-jpg (1).jpg','portal/20200416/6a21aefa52e12bafde58da541fb70e4c.jpg','ecd905e22c90e4b408ed01aea1b4e723','f18fc86226cc44dd2f131c472da93501d59b71b1','jpg',NULL);
/*!40000 ALTER TABLE `cmf_asset` ENABLE KEYS */;
UNLOCK TABLES;

--
-- Table structure for table `cmf_auth_access`
--

DROP TABLE IF EXISTS `cmf_auth_access`;
/*!40101 SET @saved_cs_client     = @@character_set_client */;
/*!40101 SET character_set_client = utf8 */;
CREATE TABLE `cmf_auth_access` (
  `id` bigint(20) unsigned NOT NULL AUTO_INCREMENT,
  `role_id` int(10) unsigned NOT NULL COMMENT '角色',
  `rule_name` varchar(100) NOT NULL DEFAULT '' COMMENT '规则唯一英文标识,全小写',
  `type` varchar(30) NOT NULL DEFAULT '' COMMENT '权限规则分类,请加应用前缀,如admin_',
  PRIMARY KEY (`id`),
  KEY `role_id` (`role_id`),
  KEY `rule_name` (`rule_name`) USING BTREE
) ENGINE=InnoDB DEFAULT CHARSET=utf8 COMMENT='权限授权表';
/*!40101 SET character_set_client = @saved_cs_client */;

--
-- Dumping data for table `cmf_auth_access`
--

LOCK TABLES `cmf_auth_access` WRITE;
/*!40000 ALTER TABLE `cmf_auth_access` DISABLE KEYS */;
/*!40000 ALTER TABLE `cmf_auth_access` ENABLE KEYS */;
UNLOCK TABLES;

--
-- Table structure for table `cmf_auth_rule`
--

DROP TABLE IF EXISTS `cmf_auth_rule`;
/*!40101 SET @saved_cs_client     = @@character_set_client */;
/*!40101 SET character_set_client = utf8 */;
CREATE TABLE `cmf_auth_rule` (
  `id` int(10) unsigned NOT NULL AUTO_INCREMENT COMMENT '规则id,自增主键',
  `status` tinyint(3) unsigned NOT NULL DEFAULT '1' COMMENT '是否有效(0:无效,1:有效)',
  `app` varchar(40) NOT NULL DEFAULT '' COMMENT '规则所属app',
  `type` varchar(30) NOT NULL DEFAULT '' COMMENT '权限规则分类，请加应用前缀,如admin_',
  `name` varchar(100) NOT NULL DEFAULT '' COMMENT '规则唯一英文标识,全小写',
  `param` varchar(100) NOT NULL DEFAULT '' COMMENT '额外url参数',
  `title` varchar(20) CHARACTER SET utf8mb4 COLLATE utf8mb4_unicode_ci NOT NULL DEFAULT '' COMMENT '规则描述',
  `condition` varchar(200) NOT NULL DEFAULT '' COMMENT '规则附加条件',
  PRIMARY KEY (`id`),
  UNIQUE KEY `name` (`name`) USING BTREE,
  KEY `module` (`app`,`status`,`type`)
) ENGINE=InnoDB AUTO_INCREMENT=237 DEFAULT CHARSET=utf8mb4 COMMENT='权限规则表';
/*!40101 SET character_set_client = @saved_cs_client */;

--
-- Dumping data for table `cmf_auth_rule`
--

LOCK TABLES `cmf_auth_rule` WRITE;
/*!40000 ALTER TABLE `cmf_auth_rule` DISABLE KEYS */;
INSERT INTO `cmf_auth_rule` VALUES (1,1,'admin','admin_url','admin/Hook/index','','钩子管理',''),(2,1,'admin','admin_url','admin/Hook/plugins','','钩子插件管理',''),(3,1,'admin','admin_url','admin/Hook/pluginListOrder','','钩子插件排序',''),(4,1,'admin','admin_url','admin/Hook/sync','','同步钩子',''),(5,1,'admin','admin_url','admin/Link/index','','友情链接',''),(6,1,'admin','admin_url','admin/Link/add','','添加友情链接',''),(7,1,'admin','admin_url','admin/Link/addPost','','添加友情链接提交保存',''),(8,1,'admin','admin_url','admin/Link/edit','','编辑友情链接',''),(9,1,'admin','admin_url','admin/Link/editPost','','编辑友情链接提交保存',''),(10,1,'admin','admin_url','admin/Link/delete','','删除友情链接',''),(11,1,'admin','admin_url','admin/Link/listOrder','','友情链接排序',''),(12,1,'admin','admin_url','admin/Link/toggle','','友情链接显示隐藏',''),(13,1,'admin','admin_url','admin/Mailer/index','','邮箱配置',''),(14,1,'admin','admin_url','admin/Mailer/indexPost','','邮箱配置提交保存',''),(15,1,'admin','admin_url','admin/Mailer/template','','邮件模板',''),(16,1,'admin','admin_url','admin/Mailer/templatePost','','邮件模板提交',''),(17,1,'admin','admin_url','admin/Mailer/test','','邮件发送测试',''),(18,1,'admin','admin_url','admin/Menu/index','','后台菜单',''),(19,1,'admin','admin_url','admin/Menu/lists','','所有菜单',''),(20,1,'admin','admin_url','admin/Menu/add','','后台菜单添加',''),(21,1,'admin','admin_url','admin/Menu/addPost','','后台菜单添加提交保存',''),(22,1,'admin','admin_url','admin/Menu/edit','','后台菜单编辑',''),(23,1,'admin','admin_url','admin/Menu/editPost','','后台菜单编辑提交保存',''),(24,1,'admin','admin_url','admin/Menu/delete','','后台菜单删除',''),(25,1,'admin','admin_url','admin/Menu/listOrder','','后台菜单排序',''),(26,1,'admin','admin_url','admin/Menu/getActions','','导入新后台菜单',''),(27,1,'admin','admin_url','admin/Nav/index','','导航管理',''),(28,1,'admin','admin_url','admin/Nav/add','','添加导航',''),(29,1,'admin','admin_url','admin/Nav/addPost','','添加导航提交保存',''),(30,1,'admin','admin_url','admin/Nav/edit','','编辑导航',''),(31,1,'admin','admin_url','admin/Nav/editPost','','编辑导航提交保存',''),(32,1,'admin','admin_url','admin/Nav/delete','','删除导航',''),(33,1,'admin','admin_url','admin/NavMenu/index','','导航菜单',''),(34,1,'admin','admin_url','admin/NavMenu/add','','添加导航菜单',''),(35,1,'admin','admin_url','admin/NavMenu/addPost','','添加导航菜单提交保存',''),(36,1,'admin','admin_url','admin/NavMenu/edit','','编辑导航菜单',''),(37,1,'admin','admin_url','admin/NavMenu/editPost','','编辑导航菜单提交保存',''),(38,1,'admin','admin_url','admin/NavMenu/delete','','删除导航菜单',''),(39,1,'admin','admin_url','admin/NavMenu/listOrder','','导航菜单排序',''),(40,1,'admin','admin_url','admin/Plugin/default','','插件中心',''),(41,1,'admin','admin_url','admin/Plugin/index','','插件列表',''),(42,1,'admin','admin_url','admin/Plugin/toggle','','插件启用禁用',''),(43,1,'admin','admin_url','admin/Plugin/setting','','插件设置',''),(44,1,'admin','admin_url','admin/Plugin/settingPost','','插件设置提交',''),(45,1,'admin','admin_url','admin/Plugin/install','','插件安装',''),(46,1,'admin','admin_url','admin/Plugin/update','','插件更新',''),(47,1,'admin','admin_url','admin/Plugin/uninstall','','卸载插件',''),(48,1,'admin','admin_url','admin/Rbac/index','','角色管理',''),(49,1,'admin','admin_url','admin/Rbac/roleAdd','','添加角色',''),(50,1,'admin','admin_url','admin/Rbac/roleAddPost','','添加角色提交',''),(51,1,'admin','admin_url','admin/Rbac/roleEdit','','编辑角色',''),(52,1,'admin','admin_url','admin/Rbac/roleEditPost','','编辑角色提交',''),(53,1,'admin','admin_url','admin/Rbac/roleDelete','','删除角色',''),(54,1,'admin','admin_url','admin/Rbac/authorize','','设置角色权限',''),(55,1,'admin','admin_url','admin/Rbac/authorizePost','','角色授权提交',''),(56,1,'admin','admin_url','admin/RecycleBin/index','','回收站',''),(57,1,'admin','admin_url','admin/RecycleBin/restore','','回收站还原',''),(58,1,'admin','admin_url','admin/RecycleBin/delete','','回收站彻底删除',''),(59,1,'admin','admin_url','admin/Route/index','','URL美化',''),(60,1,'admin','admin_url','admin/Route/add','','添加路由规则',''),(61,1,'admin','admin_url','admin/Route/addPost','','添加路由规则提交',''),(62,1,'admin','admin_url','admin/Route/edit','','路由规则编辑',''),(63,1,'admin','admin_url','admin/Route/editPost','','路由规则编辑提交',''),(64,1,'admin','admin_url','admin/Route/delete','','路由规则删除',''),(65,1,'admin','admin_url','admin/Route/ban','','路由规则禁用',''),(66,1,'admin','admin_url','admin/Route/open','','路由规则启用',''),(67,1,'admin','admin_url','admin/Route/listOrder','','路由规则排序',''),(68,1,'admin','admin_url','admin/Route/select','','选择URL',''),(69,1,'admin','admin_url','admin/Setting/default','','设置',''),(70,1,'admin','admin_url','admin/Setting/site','','网站信息',''),(71,1,'admin','admin_url','admin/Setting/sitePost','','网站信息设置提交',''),(72,1,'admin','admin_url','admin/Setting/password','','密码修改',''),(73,1,'admin','admin_url','admin/Setting/passwordPost','','密码修改提交',''),(74,1,'admin','admin_url','admin/Setting/upload','','上传设置',''),(75,1,'admin','admin_url','admin/Setting/uploadPost','','上传设置提交',''),(76,1,'admin','admin_url','admin/Setting/clearCache','','清除缓存',''),(77,1,'admin','admin_url','admin/Slide/index','','幻灯片管理',''),(78,1,'admin','admin_url','admin/Slide/add','','添加幻灯片',''),(79,1,'admin','admin_url','admin/Slide/addPost','','添加幻灯片提交',''),(80,1,'admin','admin_url','admin/Slide/edit','','编辑幻灯片',''),(81,1,'admin','admin_url','admin/Slide/editPost','','编辑幻灯片提交',''),(82,1,'admin','admin_url','admin/Slide/delete','','删除幻灯片',''),(83,1,'admin','admin_url','admin/SlideItem/index','','幻灯片页面列表',''),(84,1,'admin','admin_url','admin/SlideItem/add','','幻灯片页面添加',''),(85,1,'admin','admin_url','admin/SlideItem/addPost','','幻灯片页面添加提交',''),(86,1,'admin','admin_url','admin/SlideItem/edit','','幻灯片页面编辑',''),(87,1,'admin','admin_url','admin/SlideItem/editPost','','幻灯片页面编辑提交',''),(88,1,'admin','admin_url','admin/SlideItem/delete','','幻灯片页面删除',''),(89,1,'admin','admin_url','admin/SlideItem/ban','','幻灯片页面隐藏',''),(90,1,'admin','admin_url','admin/SlideItem/cancelBan','','幻灯片页面显示',''),(91,1,'admin','admin_url','admin/SlideItem/listOrder','','幻灯片页面排序',''),(92,1,'admin','admin_url','admin/Storage/index','','文件存储',''),(93,1,'admin','admin_url','admin/Storage/settingPost','','文件存储设置提交',''),(94,1,'admin','admin_url','admin/Theme/index','','模板管理',''),(95,1,'admin','admin_url','admin/Theme/install','','安装模板',''),(96,1,'admin','admin_url','admin/Theme/uninstall','','卸载模板',''),(97,1,'admin','admin_url','admin/Theme/installTheme','','模板安装',''),(98,1,'admin','admin_url','admin/Theme/update','','模板更新',''),(99,1,'admin','admin_url','admin/Theme/active','','启用模板',''),(100,1,'admin','admin_url','admin/Theme/files','','模板文件列表',''),(101,1,'admin','admin_url','admin/Theme/fileSetting','','模板文件设置',''),(102,1,'admin','admin_url','admin/Theme/fileArrayData','','模板文件数组数据列表',''),(103,1,'admin','admin_url','admin/Theme/fileArrayDataEdit','','模板文件数组数据添加编辑',''),(104,1,'admin','admin_url','admin/Theme/fileArrayDataEditPost','','模板文件数组数据添加编辑提交保存',''),(105,1,'admin','admin_url','admin/Theme/fileArrayDataDelete','','模板文件数组数据删除',''),(106,1,'admin','admin_url','admin/Theme/settingPost','','模板文件编辑提交保存',''),(107,1,'admin','admin_url','admin/Theme/dataSource','','模板文件设置数据源',''),(108,1,'admin','admin_url','admin/Theme/design','','模板设计',''),(109,1,'admin','admin_url','admin/User/default','','管理组',''),(110,1,'admin','admin_url','admin/User/index','','管理员',''),(111,1,'admin','admin_url','admin/User/add','','管理员添加',''),(112,1,'admin','admin_url','admin/User/addPost','','管理员添加提交',''),(113,1,'admin','admin_url','admin/User/edit','','管理员编辑',''),(114,1,'admin','admin_url','admin/User/editPost','','管理员编辑提交',''),(115,1,'admin','admin_url','admin/User/userInfo','','个人信息',''),(116,1,'admin','admin_url','admin/User/userInfoPost','','管理员个人信息修改提交',''),(117,1,'admin','admin_url','admin/User/delete','','管理员删除',''),(118,1,'admin','admin_url','admin/User/ban','','停用管理员',''),(119,1,'admin','admin_url','admin/User/cancelBan','','启用管理员',''),(120,1,'user','admin_url','user/AdminAsset/index','','资源管理',''),(121,1,'user','admin_url','user/AdminAsset/delete','','删除文件',''),(122,1,'user','admin_url','user/AdminIndex/default','','用户管理',''),(123,1,'user','admin_url','user/AdminIndex/default1','','用户组',''),(124,1,'user','admin_url','user/AdminIndex/index','','本站用户',''),(125,1,'user','admin_url','user/AdminIndex/ban','','本站用户拉黑',''),(126,1,'user','admin_url','user/AdminIndex/cancelBan','','本站用户启用',''),(127,1,'user','admin_url','user/AdminOauth/index','','第三方用户',''),(128,1,'user','admin_url','user/AdminOauth/delete','','删除第三方用户绑定',''),(129,1,'user','admin_url','user/AdminUserAction/index','','用户操作管理',''),(130,1,'user','admin_url','user/AdminUserAction/edit','','编辑用户操作',''),(131,1,'user','admin_url','user/AdminUserAction/editPost','','编辑用户操作提交',''),(132,1,'user','admin_url','user/AdminUserAction/sync','','同步用户操作',''),(162,1,'portal','admin_url','portal/AdminArticle/index','','文章管理',''),(163,1,'portal','admin_url','portal/AdminArticle/add','','添加文章',''),(164,1,'portal','admin_url','portal/AdminArticle/addPost','','添加文章提交',''),(165,1,'portal','admin_url','portal/AdminArticle/edit','','编辑文章',''),(166,1,'portal','admin_url','portal/AdminArticle/editPost','','编辑文章提交',''),(167,1,'portal','admin_url','portal/AdminArticle/delete','','文章删除',''),(168,1,'portal','admin_url','portal/AdminArticle/publish','','文章发布',''),(169,1,'portal','admin_url','portal/AdminArticle/top','','文章置顶',''),(170,1,'portal','admin_url','portal/AdminArticle/recommend','','文章推荐',''),(171,1,'portal','admin_url','portal/AdminArticle/listOrder','','文章排序',''),(172,1,'portal','admin_url','portal/AdminCategory/index','','分类管理',''),(173,1,'portal','admin_url','portal/AdminCategory/add','','添加文章分类',''),(174,1,'portal','admin_url','portal/AdminCategory/addPost','','添加文章分类提交',''),(175,1,'portal','admin_url','portal/AdminCategory/edit','','编辑文章分类',''),(176,1,'portal','admin_url','portal/AdminCategory/editPost','','编辑文章分类提交',''),(177,1,'portal','admin_url','portal/AdminCategory/select','','文章分类选择对话框',''),(178,1,'portal','admin_url','portal/AdminCategory/listOrder','','文章分类排序',''),(179,1,'portal','admin_url','portal/AdminCategory/toggle','','文章分类显示隐藏',''),(180,1,'portal','admin_url','portal/AdminCategory/delete','','删除文章分类',''),(181,1,'portal','admin_url','portal/AdminIndex/default','','门户管理',''),(182,1,'portal','admin_url','portal/AdminPage/index','','页面管理',''),(183,1,'portal','admin_url','portal/AdminPage/add','','添加页面',''),(184,1,'portal','admin_url','portal/AdminPage/addPost','','添加页面提交',''),(185,1,'portal','admin_url','portal/AdminPage/edit','','编辑页面',''),(186,1,'portal','admin_url','portal/AdminPage/editPost','','编辑页面提交',''),(187,1,'portal','admin_url','portal/AdminPage/delete','','删除页面',''),(188,1,'portal','admin_url','portal/AdminTag/index','','文章标签',''),(189,1,'portal','admin_url','portal/AdminTag/add','','添加文章标签',''),(190,1,'portal','admin_url','portal/AdminTag/addPost','','添加文章标签提交',''),(191,1,'portal','admin_url','portal/AdminTag/upStatus','','更新标签状态',''),(192,1,'portal','admin_url','portal/AdminTag/delete','','删除文章标签',''),(193,1,'plugin/Demo','admin_url','plugin/Demo/AdminIndex/default','','演示插件',''),(194,1,'plugin/Demo','plugin_url','plugin/Demo/AdminIndex/index','','演示插件用户列表',''),(195,1,'plugin/Demo','plugin_url','plugin/Demo/AdminIndex/setting','','演示插件设置',''),(196,1,'product','admin_url','product/AdminCategory/index','','分类管理',''),(197,1,'product','admin_url','product/AdminCategory/add','','添加产品分类',''),(198,1,'product','admin_url','product/AdminCategory/addPost','','添加产品分类提交',''),(199,1,'product','admin_url','product/AdminCategory/edit','','编辑产品分类',''),(200,1,'product','admin_url','product/AdminCategory/editPost','','编辑产品分类提交',''),(201,1,'product','admin_url','product/AdminCategory/select','','产品分类选择对话框',''),(202,1,'product','admin_url','product/AdminCategory/listOrder','','产品分类排序',''),(203,1,'product','admin_url','product/AdminCategory/toggle','','产品分类显示隐藏',''),(204,1,'product','admin_url','product/AdminCategory/delete','','删除产品分类',''),(205,1,'product','admin_url','product/AdminIndex/default','','产品管理',''),(206,1,'product','admin_url','product/AdminItem/index','','产品管理',''),(207,1,'product','admin_url','product/AdminItem/add','','添加产品',''),(208,1,'product','admin_url','product/AdminItem/addPost','','添加产品提交',''),(209,1,'product','admin_url','product/AdminItem/edit','','编辑产品',''),(210,1,'product','admin_url','product/AdminItem/editPost','','编辑产品提交',''),(211,1,'product','admin_url','product/AdminItem/delete','','产品删除',''),(212,1,'product','admin_url','product/AdminItem/publish','','产品发布',''),(213,1,'product','admin_url','product/AdminItem/top','','产品置顶',''),(214,1,'product','admin_url','product/AdminItem/recommend','','产品推荐',''),(215,1,'product','admin_url','product/AdminItem/listOrder','','产品排序',''),(216,1,'product','admin_url','product/AdminPage/index','','页面管理',''),(217,1,'product','admin_url','product/AdminPage/add','','添加页面',''),(218,1,'product','admin_url','product/AdminPage/addPost','','添加页面提交',''),(219,1,'product','admin_url','product/AdminPage/edit','','编辑页面',''),(220,1,'product','admin_url','product/AdminPage/editPost','','编辑页面提交',''),(221,1,'product','admin_url','product/AdminPage/delete','','删除页面',''),(222,1,'product','admin_url','product/AdminTag/index','','产品标签',''),(223,1,'product','admin_url','product/AdminTag/add','','添加产品标签',''),(224,1,'product','admin_url','product/AdminTag/addPost','','添加产品标签提交',''),(225,1,'product','admin_url','product/AdminTag/upStatus','','更新标签状态',''),(226,1,'product','admin_url','product/AdminTag/delete','','删除产品标签',''),(227,1,'portal','admin_url','portal/AdminProduct/index','','产品管理',''),(228,1,'portal','admin_url','portal/AdminProduct/add','','添加产品',''),(229,1,'portal','admin_url','portal/AdminProduct/addPost','','添加产品提交',''),(230,1,'portal','admin_url','portal/AdminProduct/edit','','编辑产品',''),(231,1,'portal','admin_url','portal/AdminProduct/editPost','','编辑产品提交',''),(232,1,'portal','admin_url','portal/AdminProduct/delete','','产品删除',''),(233,1,'portal','admin_url','portal/AdminProduct/publish','','产品发布',''),(234,1,'portal','admin_url','portal/AdminProduct/top','','产品置顶',''),(235,1,'portal','admin_url','portal/AdminProduct/recommend','','产品推荐',''),(236,1,'portal','admin_url','portal/AdminProduct/listOrder','','产品排序','');
/*!40000 ALTER TABLE `cmf_auth_rule` ENABLE KEYS */;
UNLOCK TABLES;

--
-- Table structure for table `cmf_comment`
--

DROP TABLE IF EXISTS `cmf_comment`;
/*!40101 SET @saved_cs_client     = @@character_set_client */;
/*!40101 SET character_set_client = utf8 */;
CREATE TABLE `cmf_comment` (
  `id` bigint(20) unsigned NOT NULL AUTO_INCREMENT,
  `parent_id` bigint(20) unsigned NOT NULL DEFAULT '0' COMMENT '被回复的评论id',
  `user_id` int(10) unsigned NOT NULL DEFAULT '0' COMMENT '发表评论的用户id',
  `to_user_id` int(10) unsigned NOT NULL DEFAULT '0' COMMENT '被评论的用户id',
  `object_id` int(10) unsigned NOT NULL DEFAULT '0' COMMENT '评论内容 id',
  `like_count` int(10) unsigned NOT NULL DEFAULT '0' COMMENT '点赞数',
  `dislike_count` int(10) unsigned NOT NULL DEFAULT '0' COMMENT '不喜欢数',
  `floor` int(10) unsigned NOT NULL DEFAULT '0' COMMENT '楼层数',
  `create_time` int(10) unsigned NOT NULL DEFAULT '0' COMMENT '评论时间',
  `delete_time` int(10) unsigned NOT NULL DEFAULT '0' COMMENT '删除时间',
  `status` tinyint(3) unsigned NOT NULL DEFAULT '1' COMMENT '状态,1:已审核,0:未审核',
  `type` tinyint(3) unsigned NOT NULL DEFAULT '1' COMMENT '评论类型；1实名评论',
  `table_name` varchar(64) NOT NULL DEFAULT '' COMMENT '评论内容所在表，不带表前缀',
  `full_name` varchar(50) NOT NULL DEFAULT '' COMMENT '评论者昵称',
  `email` varchar(255) NOT NULL DEFAULT '' COMMENT '评论者邮箱',
  `path` varchar(255) NOT NULL DEFAULT '' COMMENT '层级关系',
  `url` text COMMENT '原文地址',
  `content` text CHARACTER SET utf8mb4 COMMENT '评论内容',
  `more` text CHARACTER SET utf8mb4 COMMENT '扩展属性',
  PRIMARY KEY (`id`),
  KEY `table_id_status` (`table_name`,`object_id`,`status`),
  KEY `object_id` (`object_id`) USING BTREE,
  KEY `status` (`status`) USING BTREE,
  KEY `parent_id` (`parent_id`) USING BTREE,
  KEY `create_time` (`create_time`) USING BTREE
) ENGINE=InnoDB DEFAULT CHARSET=utf8 COMMENT='评论表';
/*!40101 SET character_set_client = @saved_cs_client */;

--
-- Dumping data for table `cmf_comment`
--

LOCK TABLES `cmf_comment` WRITE;
/*!40000 ALTER TABLE `cmf_comment` DISABLE KEYS */;
/*!40000 ALTER TABLE `cmf_comment` ENABLE KEYS */;
UNLOCK TABLES;

--
-- Table structure for table `cmf_hook`
--

DROP TABLE IF EXISTS `cmf_hook`;
/*!40101 SET @saved_cs_client     = @@character_set_client */;
/*!40101 SET character_set_client = utf8 */;
CREATE TABLE `cmf_hook` (
  `id` int(10) unsigned NOT NULL AUTO_INCREMENT,
  `type` tinyint(3) unsigned NOT NULL DEFAULT '0' COMMENT '钩子类型(1:系统钩子;2:应用钩子;3:模板钩子;4:后台模板钩子)',
  `once` tinyint(3) unsigned NOT NULL DEFAULT '0' COMMENT '是否只允许一个插件运行(0:多个;1:一个)',
  `name` varchar(50) NOT NULL DEFAULT '' COMMENT '钩子名称',
  `hook` varchar(50) NOT NULL DEFAULT '' COMMENT '钩子',
  `app` varchar(15) NOT NULL DEFAULT '' COMMENT '应用名(只有应用钩子才用)',
  `description` varchar(255) NOT NULL DEFAULT '' COMMENT '描述',
  PRIMARY KEY (`id`)
) ENGINE=InnoDB AUTO_INCREMENT=86 DEFAULT CHARSET=utf8mb4 COMMENT='系统钩子表';
/*!40101 SET character_set_client = @saved_cs_client */;

--
-- Dumping data for table `cmf_hook`
--

LOCK TABLES `cmf_hook` WRITE;
/*!40000 ALTER TABLE `cmf_hook` DISABLE KEYS */;
INSERT INTO `cmf_hook` VALUES (2,1,0,'应用开始','app_begin','cmf','应用开始'),(3,1,0,'模块初始化','module_init','cmf','模块初始化'),(4,1,0,'控制器开始','action_begin','cmf','控制器开始'),(5,1,0,'视图输出过滤','view_filter','cmf','视图输出过滤'),(6,1,0,'应用结束','app_end','cmf','应用结束'),(7,1,0,'日志write方法','log_write','cmf','日志write方法'),(8,1,0,'输出结束','response_end','cmf','输出结束'),(9,1,0,'后台控制器初始化','admin_init','cmf','后台控制器初始化'),(10,1,0,'前台控制器初始化','home_init','cmf','前台控制器初始化'),(11,1,1,'发送手机验证码','send_mobile_verification_code','cmf','发送手机验证码'),(12,3,0,'模板 body标签开始','body_start','','模板 body标签开始'),(13,3,0,'模板 head标签结束前','before_head_end','','模板 head标签结束前'),(14,3,0,'模板底部开始','footer_start','','模板底部开始'),(15,3,0,'模板底部开始之前','before_footer','','模板底部开始之前'),(16,3,0,'模板底部结束之前','before_footer_end','','模板底部结束之前'),(17,3,0,'模板 body 标签结束之前','before_body_end','','模板 body 标签结束之前'),(18,3,0,'模板左边栏开始','left_sidebar_start','','模板左边栏开始'),(19,3,0,'模板左边栏结束之前','before_left_sidebar_end','','模板左边栏结束之前'),(20,3,0,'模板右边栏开始','right_sidebar_start','','模板右边栏开始'),(21,3,0,'模板右边栏结束之前','before_right_sidebar_end','','模板右边栏结束之前'),(22,3,1,'评论区','comment','','评论区'),(23,3,1,'留言区','guestbook','','留言区'),(24,2,0,'后台首页仪表盘','admin_dashboard','admin','后台首页仪表盘'),(25,4,0,'后台模板 head标签结束前','admin_before_head_end','','后台模板 head标签结束前'),(26,4,0,'后台模板 body 标签结束之前','admin_before_body_end','','后台模板 body 标签结束之前'),(27,2,0,'后台登录页面','admin_login','admin','后台登录页面'),(28,1,1,'前台模板切换','switch_theme','cmf','前台模板切换'),(29,3,0,'主要内容之后','after_content','','主要内容之后'),(32,2,1,'获取上传界面','fetch_upload_view','user','获取上传界面'),(33,3,0,'主要内容之前','before_content','cmf','主要内容之前'),(34,1,0,'日志写入完成','log_write_done','cmf','日志写入完成'),(35,1,1,'后台模板切换','switch_admin_theme','cmf','后台模板切换'),(36,1,1,'验证码图片','captcha_image','cmf','验证码图片'),(37,2,1,'后台模板设计界面','admin_theme_design_view','admin','后台模板设计界面'),(38,2,1,'后台设置网站信息界面','admin_setting_site_view','admin','后台设置网站信息界面'),(39,2,1,'后台清除缓存界面','admin_setting_clear_cache_view','admin','后台清除缓存界面'),(40,2,1,'后台导航管理界面','admin_nav_index_view','admin','后台导航管理界面'),(41,2,1,'后台友情链接管理界面','admin_link_index_view','admin','后台友情链接管理界面'),(42,2,1,'后台幻灯片管理界面','admin_slide_index_view','admin','后台幻灯片管理界面'),(43,2,1,'后台管理员列表界面','admin_user_index_view','admin','后台管理员列表界面'),(44,2,1,'后台角色管理界面','admin_rbac_index_view','admin','后台角色管理界面'),(49,2,1,'用户管理本站用户列表界面','user_admin_index_view','user','用户管理本站用户列表界面'),(50,2,1,'资源管理列表界面','user_admin_asset_index_view','user','资源管理列表界面'),(51,2,1,'用户管理第三方用户列表界面','user_admin_oauth_index_view','user','用户管理第三方用户列表界面'),(52,2,1,'后台首页界面','admin_index_index_view','admin','后台首页界面'),(53,2,1,'后台回收站界面','admin_recycle_bin_index_view','admin','后台回收站界面'),(54,2,1,'后台菜单管理界面','admin_menu_index_view','admin','后台菜单管理界面'),(55,2,1,'后台自定义登录是否开启钩子','admin_custom_login_open','admin','后台自定义登录是否开启钩子'),(64,2,1,'后台幻灯片页面列表界面','admin_slide_item_index_view','admin','后台幻灯片页面列表界面'),(65,2,1,'后台幻灯片页面添加界面','admin_slide_item_add_view','admin','后台幻灯片页面添加界面'),(66,2,1,'后台幻灯片页面编辑界面','admin_slide_item_edit_view','admin','后台幻灯片页面编辑界面'),(67,2,1,'后台管理员添加界面','admin_user_add_view','admin','后台管理员添加界面'),(68,2,1,'后台管理员编辑界面','admin_user_edit_view','admin','后台管理员编辑界面'),(69,2,1,'后台角色添加界面','admin_rbac_role_add_view','admin','后台角色添加界面'),(70,2,1,'后台角色编辑界面','admin_rbac_role_edit_view','admin','后台角色编辑界面'),(71,2,1,'后台角色授权界面','admin_rbac_authorize_view','admin','后台角色授权界面'),(72,2,0,'文章显示之前','portal_before_assign_article','portal','文章显示之前'),(73,2,0,'后台文章保存之后','portal_admin_after_save_article','portal','后台文章保存之后'),(74,2,1,'门户后台文章管理列表界面','portal_admin_article_index_view','portal','门户后台文章管理列表界面'),(75,2,1,'门户后台文章添加界面','portal_admin_article_add_view','portal','门户后台文章添加界面'),(76,2,1,'门户后台文章编辑界面','portal_admin_article_edit_view','portal','门户后台文章编辑界面'),(77,2,1,'门户后台文章分类管理列表界面','portal_admin_category_index_view','portal','门户后台文章分类管理列表界面'),(78,2,1,'门户后台文章分类添加界面','portal_admin_category_add_view','portal','门户后台文章分类添加界面'),(79,2,1,'门户后台文章分类编辑界面','portal_admin_category_edit_view','portal','门户后台文章分类编辑界面'),(80,2,1,'门户后台页面管理列表界面','portal_admin_page_index_view','portal','门户后台页面管理列表界面'),(81,2,1,'门户后台页面添加界面','portal_admin_page_add_view','portal','门户后台页面添加界面'),(82,2,1,'门户后台页面编辑界面','portal_admin_page_edit_view','portal','门户后台页面编辑界面'),(83,2,1,'门户后台文章标签管理列表界面','portal_admin_tag_index_view','portal','门户后台文章标签管理列表界面'),(84,4,0,'门户后台文章添加编辑界面右侧栏','portal_admin_article_edit_view_right_sidebar','portal','门户后台文章添加编辑界面右侧栏'),(85,4,0,'门户后台文章添加编辑界面主要内容','portal_admin_article_edit_view_main','portal','门户后台文章添加编辑界面主要内容');
/*!40000 ALTER TABLE `cmf_hook` ENABLE KEYS */;
UNLOCK TABLES;

--
-- Table structure for table `cmf_hook_plugin`
--

DROP TABLE IF EXISTS `cmf_hook_plugin`;
/*!40101 SET @saved_cs_client     = @@character_set_client */;
/*!40101 SET character_set_client = utf8 */;
CREATE TABLE `cmf_hook_plugin` (
  `id` int(10) unsigned NOT NULL AUTO_INCREMENT,
  `list_order` float NOT NULL DEFAULT '10000' COMMENT '排序',
  `status` tinyint(4) NOT NULL DEFAULT '1' COMMENT '状态(0:禁用,1:启用)',
  `hook` varchar(50) NOT NULL DEFAULT '' COMMENT '钩子名',
  `plugin` varchar(50) NOT NULL DEFAULT '' COMMENT '插件',
  PRIMARY KEY (`id`)
) ENGINE=InnoDB AUTO_INCREMENT=2 DEFAULT CHARSET=utf8mb4 COMMENT='系统钩子插件表';
/*!40101 SET character_set_client = @saved_cs_client */;

--
-- Dumping data for table `cmf_hook_plugin`
--

LOCK TABLES `cmf_hook_plugin` WRITE;
/*!40000 ALTER TABLE `cmf_hook_plugin` DISABLE KEYS */;
INSERT INTO `cmf_hook_plugin` VALUES (1,10000,1,'footer_start','Demo');
/*!40000 ALTER TABLE `cmf_hook_plugin` ENABLE KEYS */;
UNLOCK TABLES;

--
-- Table structure for table `cmf_link`
--

DROP TABLE IF EXISTS `cmf_link`;
/*!40101 SET @saved_cs_client     = @@character_set_client */;
/*!40101 SET character_set_client = utf8 */;
CREATE TABLE `cmf_link` (
  `id` bigint(20) unsigned NOT NULL AUTO_INCREMENT,
  `status` tinyint(3) unsigned NOT NULL DEFAULT '1' COMMENT '状态;1:显示;0:不显示',
  `rating` int(11) NOT NULL DEFAULT '0' COMMENT '友情链接评级',
  `list_order` float NOT NULL DEFAULT '10000' COMMENT '排序',
  `description` varchar(255) NOT NULL DEFAULT '' COMMENT '友情链接描述',
  `url` varchar(255) NOT NULL DEFAULT '' COMMENT '友情链接地址',
  `name` varchar(30) CHARACTER SET utf8mb4 COLLATE utf8mb4_unicode_ci NOT NULL DEFAULT '' COMMENT '友情链接名称',
  `image` varchar(100) NOT NULL DEFAULT '' COMMENT '友情链接图标',
  `target` varchar(10) NOT NULL DEFAULT '' COMMENT '友情链接打开方式',
  `rel` varchar(50) NOT NULL DEFAULT '' COMMENT '链接与网站的关系',
  PRIMARY KEY (`id`),
  KEY `status` (`status`)
) ENGINE=InnoDB AUTO_INCREMENT=2 DEFAULT CHARSET=utf8mb4 COMMENT='友情链接表';
/*!40101 SET character_set_client = @saved_cs_client */;

--
-- Dumping data for table `cmf_link`
--

LOCK TABLES `cmf_link` WRITE;
/*!40000 ALTER TABLE `cmf_link` DISABLE KEYS */;
INSERT INTO `cmf_link` VALUES (1,1,1,8,'thinkcmf官网','http://www.thinkcmf.com','ThinkCMF','','_blank','');
/*!40000 ALTER TABLE `cmf_link` ENABLE KEYS */;
UNLOCK TABLES;

--
-- Table structure for table `cmf_nav`
--

DROP TABLE IF EXISTS `cmf_nav`;
/*!40101 SET @saved_cs_client     = @@character_set_client */;
/*!40101 SET character_set_client = utf8 */;
CREATE TABLE `cmf_nav` (
  `id` int(10) unsigned NOT NULL AUTO_INCREMENT,
  `is_main` tinyint(3) unsigned NOT NULL DEFAULT '1' COMMENT '是否为主导航;1:是;0:不是',
  `name` varchar(30) CHARACTER SET utf8mb4 COLLATE utf8mb4_unicode_ci NOT NULL DEFAULT '' COMMENT '导航位置名称',
  `remark` varchar(255) CHARACTER SET utf8 NOT NULL DEFAULT '' COMMENT '备注',
  PRIMARY KEY (`id`)
) ENGINE=InnoDB AUTO_INCREMENT=3 DEFAULT CHARSET=utf8mb4 COMMENT='前台导航位置表';
/*!40101 SET character_set_client = @saved_cs_client */;

--
-- Dumping data for table `cmf_nav`
--

LOCK TABLES `cmf_nav` WRITE;
/*!40000 ALTER TABLE `cmf_nav` DISABLE KEYS */;
INSERT INTO `cmf_nav` VALUES (1,1,'主导航','主导航'),(2,0,'底部导航','');
/*!40000 ALTER TABLE `cmf_nav` ENABLE KEYS */;
UNLOCK TABLES;

--
-- Table structure for table `cmf_nav_menu`
--

DROP TABLE IF EXISTS `cmf_nav_menu`;
/*!40101 SET @saved_cs_client     = @@character_set_client */;
/*!40101 SET character_set_client = utf8 */;
CREATE TABLE `cmf_nav_menu` (
  `id` int(11) NOT NULL AUTO_INCREMENT,
  `nav_id` int(11) NOT NULL COMMENT '导航 id',
  `parent_id` int(11) NOT NULL COMMENT '父 id',
  `status` tinyint(3) unsigned NOT NULL DEFAULT '1' COMMENT '状态;1:显示;0:隐藏',
  `list_order` float NOT NULL DEFAULT '10000' COMMENT '排序',
  `name` varchar(50) CHARACTER SET utf8mb4 COLLATE utf8mb4_unicode_ci NOT NULL DEFAULT '' COMMENT '菜单名称',
  `target` varchar(10) NOT NULL DEFAULT '' COMMENT '打开方式',
  `href` varchar(100) NOT NULL DEFAULT '' COMMENT '链接',
  `icon` varchar(20) NOT NULL DEFAULT '' COMMENT '图标',
  `path` varchar(255) NOT NULL DEFAULT '' COMMENT '层级关系',
  PRIMARY KEY (`id`)
) ENGINE=InnoDB AUTO_INCREMENT=6 DEFAULT CHARSET=utf8mb4 COMMENT='前台导航菜单表';
/*!40101 SET character_set_client = @saved_cs_client */;

--
-- Dumping data for table `cmf_nav_menu`
--

LOCK TABLES `cmf_nav_menu` WRITE;
/*!40000 ALTER TABLE `cmf_nav_menu` DISABLE KEYS */;
INSERT INTO `cmf_nav_menu` VALUES (2,1,0,1,10,'成功案例','','{\"action\":\"portal\\/List\\/index\",\"param\":{\"id\":1}}','case',''),(3,1,0,1,40,'关于软山','','{\"action\":\"portal\\/Page\\/index\",\"param\":{\"id\":2}}','about',''),(4,1,0,1,20,'H5案例分享','','home','h5share',''),(5,1,0,1,30,'H5课堂','','{\"action\":\"portal\\/List\\/index\",\"param\":{\"id\":5}}','h5ketang','');
/*!40000 ALTER TABLE `cmf_nav_menu` ENABLE KEYS */;
UNLOCK TABLES;

--
-- Table structure for table `cmf_option`
--

DROP TABLE IF EXISTS `cmf_option`;
/*!40101 SET @saved_cs_client     = @@character_set_client */;
/*!40101 SET character_set_client = utf8 */;
CREATE TABLE `cmf_option` (
  `id` bigint(20) unsigned NOT NULL AUTO_INCREMENT,
  `autoload` tinyint(3) unsigned NOT NULL DEFAULT '1' COMMENT '是否自动加载;1:自动加载;0:不自动加载',
  `option_name` varchar(64) NOT NULL DEFAULT '' COMMENT '配置名',
  `option_value` longtext CHARACTER SET utf8mb4 COLLATE utf8mb4_unicode_ci COMMENT '配置值',
  PRIMARY KEY (`id`),
  UNIQUE KEY `option_name` (`option_name`)
) ENGINE=InnoDB AUTO_INCREMENT=5 DEFAULT CHARSET=utf8mb4 ROW_FORMAT=COMPACT COMMENT='全站配置表';
/*!40101 SET character_set_client = @saved_cs_client */;

--
-- Dumping data for table `cmf_option`
--

LOCK TABLES `cmf_option` WRITE;
/*!40000 ALTER TABLE `cmf_option` DISABLE KEYS */;
INSERT INTO `cmf_option` VALUES (1,1,'site_info','{\"site_name\":\"\\u5927\\u8fde\\u8f6f\\u5c71\\u7f51\\u7edc\\u6709\\u9650\\u516c\\u53f8\",\"site_seo_title\":\"\\u8f6f\\u5c71\\u7f51\\u7edc\",\"site_seo_keywords\":\"\\u8f6f\\u5c71,\\u8f6f\\u5c71\\u7f51\\u7edc,\\u5927\\u8fde\\u8f6f\\u5c71\\u7f51\\u7edc\\u6709\\u9650\\u516c\\u53f8,\\u8bbe\\u8ba1,\\u7f51\\u9875\\u8bbe\\u8ba1,\\u5f00\\u53d1,\\u8f6f\\u4ef6\\u5f00\\u53d1,APP\\u5f00\\u53d1\",\"site_seo_description\":\"\\u5927\\u8fde\\u8f6f\\u5c71\\u7f51\\u7edc\\u6709\\u9650\\u516c\\u53f8\\uff08\\u7b80\\u79f0\\u8f6f\\u5c71\\u7f51\\u7edc\\uff09\\u7684\\u516c\\u53f8\\u7406\\u5ff5\\uff1a\\u7b80\\u5355\\u3001\\u7b80\\u6d01\\u3001\\u7b80\\u7ea6\\u3002\\u6211\\u4eec\\u6709\\u9ad8\\u8d28\\u91cf\\u7684\\u8bbe\\u8ba1\\u548c\\u5f00\\u53d1\\u4eba\\u624d\\u3002\\u6211\\u4eec\\u91cd\\u89c6\\u5458\\u5de5\\u3002\\u91cd\\u89c6\\u6211\\u4eec\\u7684\\u5ba2\\u6237\\u3002\\u6211\\u4eec\\u4e0e\\u6211\\u4eec\\u7684\\u5ba2\\u6237\\u4fdd\\u6301\\u670b\\u53cb\\u4e00\\u6837\\u7684\\u5173\\u7cfb\\u3002\\u6211\\u4eec\\u79ef\\u84c4\\u7740\\u529b\\u91cf\\uff0c\\u521b\\u9020\\u7740\\u5ba2\\u6237\\u7684\\u68a6\\u60f3\\u3002\\u6211\\u4eec\\u4e00\\u76f4\\u5728\\u575a\\u6301...\\u6211\\u4eec\\u76f8\\u4fe1\\u73b0\\u5728\\uff0c\\u76f8\\u4fe1\\u672a\\u6765...\",\"site_icp\":\"ICP\\u5907001\",\"site_gwa\":\"\\u516c\\u7f51\\u5b89\\u5907001\",\"site_admin_email\":\"\",\"site_analytics\":\"\"}'),(2,1,'cmf_settings','{\"open_registration\":\"0\",\"banned_usernames\":\"\"}'),(3,1,'cdn_settings','{\"cdn_static_root\":\"\"}'),(4,1,'admin_settings','{\"admin_password\":\"\",\"admin_theme\":\"admin_simpleboot3\",\"admin_style\":\"simpleadmin\"}');
/*!40000 ALTER TABLE `cmf_option` ENABLE KEYS */;
UNLOCK TABLES;

--
-- Table structure for table `cmf_plugin`
--

DROP TABLE IF EXISTS `cmf_plugin`;
/*!40101 SET @saved_cs_client     = @@character_set_client */;
/*!40101 SET character_set_client = utf8 */;
CREATE TABLE `cmf_plugin` (
  `id` int(11) unsigned NOT NULL AUTO_INCREMENT COMMENT '自增id',
  `type` tinyint(3) unsigned NOT NULL DEFAULT '1' COMMENT '插件类型;1:网站;8:微信',
  `has_admin` tinyint(3) unsigned NOT NULL DEFAULT '0' COMMENT '是否有后台管理,0:没有;1:有',
  `status` tinyint(3) unsigned NOT NULL DEFAULT '1' COMMENT '状态;1:开启;0:禁用',
  `create_time` int(10) unsigned NOT NULL DEFAULT '0' COMMENT '插件安装时间',
  `name` varchar(50) NOT NULL DEFAULT '' COMMENT '插件标识名,英文字母(惟一)',
  `title` varchar(50) CHARACTER SET utf8mb4 COLLATE utf8mb4_unicode_ci NOT NULL DEFAULT '' COMMENT '插件名称',
  `demo_url` varchar(50) NOT NULL DEFAULT '' COMMENT '演示地址，带协议',
  `hooks` varchar(255) NOT NULL DEFAULT '' COMMENT '实现的钩子;以“,”分隔',
  `author` varchar(20) CHARACTER SET utf8mb4 COLLATE utf8mb4_unicode_ci NOT NULL DEFAULT '' COMMENT '插件作者',
  `author_url` varchar(50) NOT NULL DEFAULT '' COMMENT '作者网站链接',
  `version` varchar(20) NOT NULL DEFAULT '' COMMENT '插件版本号',
  `description` varchar(255) NOT NULL COMMENT '插件描述',
  `config` text COMMENT '插件配置',
  PRIMARY KEY (`id`)
) ENGINE=InnoDB AUTO_INCREMENT=2 DEFAULT CHARSET=utf8mb4 COMMENT='插件表';
/*!40101 SET character_set_client = @saved_cs_client */;

--
-- Dumping data for table `cmf_plugin`
--

LOCK TABLES `cmf_plugin` WRITE;
/*!40000 ALTER TABLE `cmf_plugin` DISABLE KEYS */;
INSERT INTO `cmf_plugin` VALUES (1,1,1,1,0,'Demo','插件演示','http://demo.thinkcmf.com','','ThinkCMF','http://www.thinkcmf.com','1.0','插件演示','{\"custom_config\":\"0\",\"text\":\"hello,ThinkCMF!\",\"password\":\"\",\"number\":\"1.0\",\"select\":\"1\",\"checkbox\":1,\"radio\":\"1\",\"radio2\":\"1\",\"textarea\":\"\\u8fd9\\u91cc\\u662f\\u4f60\\u8981\\u586b\\u5199\\u7684\\u5185\\u5bb9\",\"date\":\"2017-05-20\",\"datetime\":\"2017-05-20\",\"color\":\"#103633\",\"image\":\"\",\"file\":\"\",\"location\":\"\"}');
/*!40000 ALTER TABLE `cmf_plugin` ENABLE KEYS */;
UNLOCK TABLES;

--
-- Table structure for table `cmf_portal_category`
--

DROP TABLE IF EXISTS `cmf_portal_category`;
/*!40101 SET @saved_cs_client     = @@character_set_client */;
/*!40101 SET character_set_client = utf8 */;
CREATE TABLE `cmf_portal_category` (
  `id` bigint(20) unsigned NOT NULL AUTO_INCREMENT COMMENT '分类id',
  `parent_id` bigint(20) unsigned NOT NULL DEFAULT '0' COMMENT '分类父id',
  `post_count` bigint(20) unsigned NOT NULL DEFAULT '0' COMMENT '分类文章数',
  `status` tinyint(3) unsigned NOT NULL DEFAULT '1' COMMENT '状态,1:发布,0:不发布',
  `delete_time` int(10) unsigned NOT NULL DEFAULT '0' COMMENT '删除时间',
  `list_order` float NOT NULL DEFAULT '10000' COMMENT '排序',
  `name` varchar(200) CHARACTER SET utf8mb4 COLLATE utf8mb4_unicode_ci NOT NULL DEFAULT '' COMMENT '分类名称',
  `description` varchar(255) NOT NULL DEFAULT '' COMMENT '分类描述',
  `path` varchar(255) NOT NULL DEFAULT '' COMMENT '分类层级关系路径',
  `seo_title` varchar(100) NOT NULL DEFAULT '',
  `seo_keywords` varchar(255) NOT NULL DEFAULT '',
  `seo_description` varchar(255) NOT NULL DEFAULT '',
  `list_tpl` varchar(50) NOT NULL DEFAULT '' COMMENT '分类列表模板',
  `one_tpl` varchar(50) NOT NULL DEFAULT '' COMMENT '分类文章页模板',
  `more` text COMMENT '扩展属性',
  PRIMARY KEY (`id`)
) ENGINE=InnoDB AUTO_INCREMENT=10 DEFAULT CHARSET=utf8mb4 COMMENT='portal应用 文章分类表';
/*!40101 SET character_set_client = @saved_cs_client */;

--
-- Dumping data for table `cmf_portal_category`
--

LOCK TABLES `cmf_portal_category` WRITE;
/*!40000 ALTER TABLE `cmf_portal_category` DISABLE KEYS */;
INSERT INTO `cmf_portal_category` VALUES (1,0,0,1,0,10000,'成功案例','','0-1','','','','cases','article','{\"thumbnail\":\"\"}'),(2,1,0,1,1586695363,10000,'菜单1','','0-1-2','','','','list','article','{\"thumbnail\":\"\"}'),(3,1,0,1,1586695371,10000,'子菜单2','','0-1-3','','','','list','article','{\"thumbnail\":\"\"}'),(4,0,0,1,0,10000,'最新文章','','0-4','','','','list','article','{\"thumbnail\":\"\"}'),(5,0,0,1,0,10000,'H5课堂','','0-5','','','','list','article','{\"thumbnail\":\"\"}'),(6,1,0,1,0,10000,'PC机端','','0-1-6','','','','list','article','{\"thumbnail\":\"\"}'),(7,5,0,1,0,10000,'H5技术','','0-5-7','','','','list','article','{\"thumbnail\":\"\"}'),(8,5,0,1,0,10000,'H5产品','','0-5-8','','','','list','article','{\"thumbnail\":\"\"}'),(9,5,0,1,0,10000,'H5游戏','','0-5-9','','','','list','article','{\"thumbnail\":\"\"}');
/*!40000 ALTER TABLE `cmf_portal_category` ENABLE KEYS */;
UNLOCK TABLES;

--
-- Table structure for table `cmf_portal_category_post`
--

DROP TABLE IF EXISTS `cmf_portal_category_post`;
/*!40101 SET @saved_cs_client     = @@character_set_client */;
/*!40101 SET character_set_client = utf8 */;
CREATE TABLE `cmf_portal_category_post` (
  `id` bigint(20) unsigned NOT NULL AUTO_INCREMENT,
  `post_id` bigint(20) unsigned NOT NULL DEFAULT '0' COMMENT '文章id',
  `category_id` bigint(20) unsigned NOT NULL DEFAULT '0' COMMENT '分类id',
  `list_order` float NOT NULL DEFAULT '10000' COMMENT '排序',
  `status` tinyint(3) unsigned NOT NULL DEFAULT '1' COMMENT '状态,1:发布;0:不发布',
  PRIMARY KEY (`id`),
  KEY `term_taxonomy_id` (`category_id`)
) ENGINE=InnoDB AUTO_INCREMENT=11 DEFAULT CHARSET=utf8 COMMENT='portal应用 分类文章对应表';
/*!40101 SET character_set_client = @saved_cs_client */;

--
-- Dumping data for table `cmf_portal_category_post`
--

LOCK TABLES `cmf_portal_category_post` WRITE;
/*!40000 ALTER TABLE `cmf_portal_category_post` DISABLE KEYS */;
INSERT INTO `cmf_portal_category_post` VALUES (2,1,4,10000,1),(4,3,4,10000,1),(5,4,7,10000,1),(6,1,8,10000,1),(7,5,6,10000,1),(8,6,6,10000,1),(9,7,6,10000,1),(10,8,6,10000,1);
/*!40000 ALTER TABLE `cmf_portal_category_post` ENABLE KEYS */;
UNLOCK TABLES;

--
-- Table structure for table `cmf_portal_post`
--

DROP TABLE IF EXISTS `cmf_portal_post`;
/*!40101 SET @saved_cs_client     = @@character_set_client */;
/*!40101 SET character_set_client = utf8 */;
CREATE TABLE `cmf_portal_post` (
  `id` bigint(20) unsigned NOT NULL AUTO_INCREMENT,
  `parent_id` bigint(20) unsigned NOT NULL DEFAULT '0' COMMENT '父级id',
  `post_type` tinyint(3) unsigned NOT NULL DEFAULT '1' COMMENT '类型,1:文章;2:页面',
  `post_format` tinyint(3) unsigned NOT NULL DEFAULT '1' COMMENT '内容格式;1:html;2:md',
  `user_id` bigint(20) unsigned NOT NULL DEFAULT '0' COMMENT '发表者用户id',
  `post_status` tinyint(3) unsigned NOT NULL DEFAULT '1' COMMENT '状态;1:已发布;0:未发布;',
  `comment_status` tinyint(3) unsigned NOT NULL DEFAULT '1' COMMENT '评论状态;1:允许;0:不允许',
  `is_top` tinyint(3) unsigned NOT NULL DEFAULT '0' COMMENT '是否置顶;1:置顶;0:不置顶',
  `recommended` tinyint(3) unsigned NOT NULL DEFAULT '0' COMMENT '是否推荐;1:推荐;0:不推荐',
  `post_hits` bigint(20) unsigned NOT NULL DEFAULT '0' COMMENT '查看数',
  `post_favorites` int(10) unsigned NOT NULL DEFAULT '0' COMMENT '收藏数',
  `post_like` bigint(20) unsigned NOT NULL DEFAULT '0' COMMENT '点赞数',
  `comment_count` bigint(20) unsigned NOT NULL DEFAULT '0' COMMENT '评论数',
  `create_time` int(10) unsigned NOT NULL DEFAULT '0' COMMENT '创建时间',
  `update_time` int(10) unsigned NOT NULL DEFAULT '0' COMMENT '更新时间',
  `published_time` int(10) unsigned NOT NULL DEFAULT '0' COMMENT '发布时间',
  `delete_time` int(10) unsigned NOT NULL DEFAULT '0' COMMENT '删除时间',
  `post_title` varchar(100) CHARACTER SET utf8mb4 COLLATE utf8mb4_unicode_ci NOT NULL DEFAULT '' COMMENT 'post标题',
  `post_keywords` varchar(150) NOT NULL DEFAULT '' COMMENT 'seo keywords',
  `post_excerpt` varchar(500) NOT NULL DEFAULT '' COMMENT 'post摘要',
  `post_source` varchar(150) NOT NULL DEFAULT '' COMMENT '转载文章的来源',
  `thumbnail` varchar(100) NOT NULL DEFAULT '' COMMENT '缩略图',
  `post_content` text COMMENT '文章内容',
  `post_content_filtered` text COMMENT '处理过的文章内容',
  `more` text COMMENT '扩展属性,如缩略图;格式为json',
  PRIMARY KEY (`id`),
  KEY `type_status_date` (`post_type`,`post_status`,`create_time`,`id`),
  KEY `parent_id` (`parent_id`),
  KEY `user_id` (`user_id`),
  KEY `create_time` (`create_time`) USING BTREE
) ENGINE=InnoDB AUTO_INCREMENT=9 DEFAULT CHARSET=utf8mb4 ROW_FORMAT=COMPACT COMMENT='portal应用 文章表';
/*!40101 SET character_set_client = @saved_cs_client */;

--
-- Dumping data for table `cmf_portal_post`
--

LOCK TABLES `cmf_portal_post` WRITE;
/*!40000 ALTER TABLE `cmf_portal_post` DISABLE KEYS */;
INSERT INTO `cmf_portal_post` VALUES (1,0,1,1,1,1,1,0,0,2,0,0,0,1586528741,1587094735,1586528220,0,'this is artical test','keyword1,keyword2,keyword3','摘要','文章来源','','\n&lt;section&gt;&lt;section&gt;&lt;section&gt;&lt;section&gt;&lt;section&gt;&lt;section&gt;&lt;section&gt;&lt;p style=&quot;margin-top: 0px; margin-bottom: 28px; padding: 0px; font-variant-numeric: normal; font-variant-east-asian: normal; font-stretch: normal; font-size: 16px; line-height: 1.75em; font-family: Arial, 宋体;&quot;&gt;4月8日，习近平总书记给武汉市东湖新城社区全体社区工作者回信，肯定城乡广大社区工作者在疫情防控斗争中发挥的重要作用。&lt;/p&gt;\n&lt;p style=&quot;margin-top: 0px; margin-bottom: 28px; padding: 0px; font-variant-numeric: normal; font-variant-east-asian: normal; font-stretch: normal; font-size: 16px; line-height: 1.75em; font-family: Arial, 宋体;&quot;&gt;疫情发生以来，习近平总书记多次指出，要紧紧依靠人民，充分发挥社区的战斗堡垒作用，坚决打赢疫情防控阻击战。&lt;/p&gt;&lt;/section&gt;&lt;/section&gt;&lt;/section&gt;&lt;/section&gt;&lt;/section&gt;&lt;/section&gt;&lt;/section&gt;&lt;p style=&quot;margin-top: 0px; margin-bottom: 28px; padding: 0px; font-variant-numeric: normal; font-variant-east-asian: normal; font-stretch: normal; line-height: 1.75em; font-family: Arial, 宋体; color: rgb(51, 51, 51); white-space: normal; background-color: rgb(255, 255, 255);&quot;&gt;&lt;br&gt;&lt;/p&gt;\n&lt;p&gt;&lt;img src=&quot;default/20200410/0da5e85324843cf169d602e8c649ee4c.jpg&quot; title=&quot;0034034886597627_b.jpg&quot; alt=&quot;0034034886597627_b.jpg&quot;&gt;&lt;/p&gt;\n',NULL,'{\"audio\":\"\",\"video\":\"\",\"thumbnail\":\"\",\"template\":\"\",\"photos\":[{\"url\":\"portal\\/20200410\\/311e674ac85b99a16dbbc3d14ace5a7d.jpeg\",\"name\":\"a1gsmk8447883360405.JPEG\"},{\"url\":\"default\\/20200410\\/b869bf612a0d87a05537cea477876486.jpeg\",\"name\":\"a2g78s8447856557405.JPEG\"}]}'),(2,0,2,1,1,1,1,0,0,0,0,0,0,1586595385,1586837271,1586595300,0,'关于软山','','','','','&lt;p&gt;这是一个独立页面的内容&lt;/p&gt;',NULL,'{\"thumbnail\":\"\",\"template\":\"about-us\"}'),(3,0,1,1,1,1,1,0,0,6,0,0,0,1586596275,1586695317,1586596200,0,'测试文章2','','','','','&lt;p&gt;测试文章2&lt;/p&gt;',NULL,'{\"audio\":\"\",\"video\":\"\",\"thumbnail\":\"\",\"template\":\"\"}'),(4,0,1,1,1,1,1,0,0,32,0,0,0,1587019483,1587093617,1587018720,0,'getstore','','','文章来源','portal/20200416/6a21aefa52e12bafde58da541fb70e4c.jpg','&lt;p&gt;getstore&lt;/p&gt;',NULL,'{\"audio\":\"\",\"video\":\"\",\"thumbnail\":\"portal\\/20200416\\/6a21aefa52e12bafde58da541fb70e4c.jpg\",\"template\":\"\"}'),(5,0,3,1,1,1,1,0,0,0,0,0,0,1587375234,1587375242,1587375180,0,'这是产品1','','','','',NULL,NULL,'{\"audio\":\"\",\"video\":\"\",\"thumbnail\":\"\",\"template\":\"\"}'),(6,0,1,1,1,0,1,0,0,0,0,0,0,1587377291,1587377291,1587377271,0,'这是产品2','','','','',NULL,NULL,'{\"audio\":\"\",\"video\":\"\",\"thumbnail\":\"\",\"template\":\"\"}'),(7,0,3,1,1,0,1,0,0,0,0,0,0,1587392516,1587392516,1587392502,0,'这是产品2','','','','',NULL,NULL,'{\"audio\":\"\",\"video\":\"\",\"thumbnail\":\"\",\"template\":\"\"}'),(8,0,3,1,1,0,1,0,0,0,0,0,0,1587393300,1587393300,1587393281,0,'这是产品3','','','','',NULL,NULL,'{\"audio\":\"\",\"video\":\"\",\"thumbnail\":\"\",\"template\":\"\"}');
/*!40000 ALTER TABLE `cmf_portal_post` ENABLE KEYS */;
UNLOCK TABLES;

--
-- Table structure for table `cmf_portal_tag`
--

DROP TABLE IF EXISTS `cmf_portal_tag`;
/*!40101 SET @saved_cs_client     = @@character_set_client */;
/*!40101 SET character_set_client = utf8 */;
CREATE TABLE `cmf_portal_tag` (
  `id` bigint(20) unsigned NOT NULL AUTO_INCREMENT COMMENT '分类id',
  `status` tinyint(3) unsigned NOT NULL DEFAULT '1' COMMENT '状态,1:发布,0:不发布',
  `recommended` tinyint(3) unsigned NOT NULL DEFAULT '0' COMMENT '是否推荐;1:推荐;0:不推荐',
  `post_count` bigint(20) unsigned NOT NULL DEFAULT '0' COMMENT '标签文章数',
  `name` varchar(20) CHARACTER SET utf8mb4 COLLATE utf8mb4_unicode_ci NOT NULL DEFAULT '' COMMENT '标签名称',
  PRIMARY KEY (`id`)
) ENGINE=InnoDB AUTO_INCREMENT=5 DEFAULT CHARSET=utf8mb4 COMMENT='portal应用 文章标签表';
/*!40101 SET character_set_client = @saved_cs_client */;

--
-- Dumping data for table `cmf_portal_tag`
--

LOCK TABLES `cmf_portal_tag` WRITE;
/*!40000 ALTER TABLE `cmf_portal_tag` DISABLE KEYS */;
INSERT INTO `cmf_portal_tag` VALUES (1,1,0,0,'keyword1'),(2,1,0,0,'keyword2'),(3,1,0,0,'keyword3'),(4,0,0,0,'keyword4');
/*!40000 ALTER TABLE `cmf_portal_tag` ENABLE KEYS */;
UNLOCK TABLES;

--
-- Table structure for table `cmf_portal_tag_post`
--

DROP TABLE IF EXISTS `cmf_portal_tag_post`;
/*!40101 SET @saved_cs_client     = @@character_set_client */;
/*!40101 SET character_set_client = utf8 */;
CREATE TABLE `cmf_portal_tag_post` (
  `id` bigint(20) NOT NULL AUTO_INCREMENT,
  `tag_id` bigint(20) unsigned NOT NULL DEFAULT '0' COMMENT '标签 id',
  `post_id` bigint(20) unsigned NOT NULL DEFAULT '0' COMMENT '文章 id',
  `status` tinyint(3) unsigned NOT NULL DEFAULT '1' COMMENT '状态,1:发布;0:不发布',
  PRIMARY KEY (`id`),
  KEY `post_id` (`post_id`)
) ENGINE=InnoDB AUTO_INCREMENT=4 DEFAULT CHARSET=utf8 COMMENT='portal应用 标签文章对应表';
/*!40101 SET character_set_client = @saved_cs_client */;

--
-- Dumping data for table `cmf_portal_tag_post`
--

LOCK TABLES `cmf_portal_tag_post` WRITE;
/*!40000 ALTER TABLE `cmf_portal_tag_post` DISABLE KEYS */;
INSERT INTO `cmf_portal_tag_post` VALUES (1,1,1,1),(2,2,1,1),(3,3,1,1);
/*!40000 ALTER TABLE `cmf_portal_tag_post` ENABLE KEYS */;
UNLOCK TABLES;

--
-- Table structure for table `cmf_product_category`
--

DROP TABLE IF EXISTS `cmf_product_category`;
/*!40101 SET @saved_cs_client     = @@character_set_client */;
/*!40101 SET character_set_client = utf8 */;
CREATE TABLE `cmf_product_category` (
  `id` bigint(20) unsigned NOT NULL AUTO_INCREMENT COMMENT '分类id',
  `parent_id` bigint(20) unsigned NOT NULL DEFAULT '0' COMMENT '分类父id',
  `post_count` bigint(20) unsigned NOT NULL DEFAULT '0' COMMENT '分类产品数',
  `status` tinyint(3) unsigned NOT NULL DEFAULT '1' COMMENT '状态,1:发布,0:不发布',
  `delete_time` int(10) unsigned NOT NULL DEFAULT '0' COMMENT '删除时间',
  `list_order` float NOT NULL DEFAULT '10000' COMMENT '排序',
  `name` varchar(200) CHARACTER SET utf8mb4 COLLATE utf8mb4_unicode_ci NOT NULL DEFAULT '' COMMENT '分类名称',
  `description` varchar(255) NOT NULL DEFAULT '' COMMENT '分类描述',
  `path` varchar(255) NOT NULL DEFAULT '' COMMENT '分类层级关系路径',
  `seo_title` varchar(100) NOT NULL DEFAULT '',
  `seo_keywords` varchar(255) NOT NULL DEFAULT '',
  `seo_description` varchar(255) NOT NULL DEFAULT '',
  `list_tpl` varchar(50) NOT NULL DEFAULT '' COMMENT '分类列表模板',
  `one_tpl` varchar(50) NOT NULL DEFAULT '' COMMENT '分类产品页模板',
  `more` text COMMENT '扩展属性',
  PRIMARY KEY (`id`)
) ENGINE=InnoDB DEFAULT CHARSET=utf8mb4 COMMENT='product应用 产品分类表';
/*!40101 SET character_set_client = @saved_cs_client */;

--
-- Dumping data for table `cmf_product_category`
--

LOCK TABLES `cmf_product_category` WRITE;
/*!40000 ALTER TABLE `cmf_product_category` DISABLE KEYS */;
/*!40000 ALTER TABLE `cmf_product_category` ENABLE KEYS */;
UNLOCK TABLES;

--
-- Table structure for table `cmf_product_category_post`
--

DROP TABLE IF EXISTS `cmf_product_category_post`;
/*!40101 SET @saved_cs_client     = @@character_set_client */;
/*!40101 SET character_set_client = utf8 */;
CREATE TABLE `cmf_product_category_post` (
  `id` bigint(20) unsigned NOT NULL AUTO_INCREMENT,
  `post_id` bigint(20) unsigned NOT NULL DEFAULT '0' COMMENT '产品id',
  `category_id` bigint(20) unsigned NOT NULL DEFAULT '0' COMMENT '分类id',
  `list_order` float NOT NULL DEFAULT '10000' COMMENT '排序',
  `status` tinyint(3) unsigned NOT NULL DEFAULT '1' COMMENT '状态,1:发布;0:不发布',
  PRIMARY KEY (`id`),
  KEY `term_taxonomy_id` (`category_id`)
) ENGINE=InnoDB DEFAULT CHARSET=utf8 COMMENT='product应用 分类产品对应表';
/*!40101 SET character_set_client = @saved_cs_client */;

--
-- Dumping data for table `cmf_product_category_post`
--

LOCK TABLES `cmf_product_category_post` WRITE;
/*!40000 ALTER TABLE `cmf_product_category_post` DISABLE KEYS */;
/*!40000 ALTER TABLE `cmf_product_category_post` ENABLE KEYS */;
UNLOCK TABLES;

--
-- Table structure for table `cmf_product_post`
--

DROP TABLE IF EXISTS `cmf_product_post`;
/*!40101 SET @saved_cs_client     = @@character_set_client */;
/*!40101 SET character_set_client = utf8 */;
CREATE TABLE `cmf_product_post` (
  `id` bigint(20) unsigned NOT NULL AUTO_INCREMENT,
  `parent_id` bigint(20) unsigned NOT NULL DEFAULT '0' COMMENT '父级id',
  `post_type` tinyint(3) unsigned NOT NULL DEFAULT '1' COMMENT '类型,1:产品;2:页面',
  `post_format` tinyint(3) unsigned NOT NULL DEFAULT '1' COMMENT '内容格式;1:html;2:md',
  `user_id` bigint(20) unsigned NOT NULL DEFAULT '0' COMMENT '发表者用户id',
  `post_status` tinyint(3) unsigned NOT NULL DEFAULT '1' COMMENT '状态;1:已发布;0:未发布;',
  `comment_status` tinyint(3) unsigned NOT NULL DEFAULT '1' COMMENT '评论状态;1:允许;0:不允许',
  `is_top` tinyint(3) unsigned NOT NULL DEFAULT '0' COMMENT '是否置顶;1:置顶;0:不置顶',
  `recommended` tinyint(3) unsigned NOT NULL DEFAULT '0' COMMENT '是否推荐;1:推荐;0:不推荐',
  `post_hits` bigint(20) unsigned NOT NULL DEFAULT '0' COMMENT '查看数',
  `post_favorites` int(10) unsigned NOT NULL DEFAULT '0' COMMENT '收藏数',
  `post_like` bigint(20) unsigned NOT NULL DEFAULT '0' COMMENT '点赞数',
  `comment_count` bigint(20) unsigned NOT NULL DEFAULT '0' COMMENT '评论数',
  `create_time` int(10) unsigned NOT NULL DEFAULT '0' COMMENT '创建时间',
  `update_time` int(10) unsigned NOT NULL DEFAULT '0' COMMENT '更新时间',
  `published_time` int(10) unsigned NOT NULL DEFAULT '0' COMMENT '发布时间',
  `delete_time` int(10) unsigned NOT NULL DEFAULT '0' COMMENT '删除时间',
  `post_title` varchar(100) CHARACTER SET utf8mb4 COLLATE utf8mb4_unicode_ci NOT NULL DEFAULT '' COMMENT 'post标题',
  `post_keywords` varchar(150) NOT NULL DEFAULT '' COMMENT 'seo keywords',
  `post_excerpt` varchar(500) NOT NULL DEFAULT '' COMMENT 'post摘要',
  `post_source` varchar(150) NOT NULL DEFAULT '' COMMENT '转载产品的来源',
  `thumbnail` varchar(100) NOT NULL DEFAULT '' COMMENT '缩略图',
  `post_content` text COMMENT '产品内容',
  `post_content_filtered` text COMMENT '处理过的产品内容',
  `more` text COMMENT '扩展属性,如缩略图;格式为json',
  PRIMARY KEY (`id`),
  KEY `type_status_date` (`post_type`,`post_status`,`create_time`,`id`),
  KEY `parent_id` (`parent_id`),
  KEY `user_id` (`user_id`),
  KEY `create_time` (`create_time`) USING BTREE
) ENGINE=InnoDB DEFAULT CHARSET=utf8mb4 ROW_FORMAT=COMPACT COMMENT='product应用 产品表';
/*!40101 SET character_set_client = @saved_cs_client */;

--
-- Dumping data for table `cmf_product_post`
--

LOCK TABLES `cmf_product_post` WRITE;
/*!40000 ALTER TABLE `cmf_product_post` DISABLE KEYS */;
/*!40000 ALTER TABLE `cmf_product_post` ENABLE KEYS */;
UNLOCK TABLES;

--
-- Table structure for table `cmf_product_tag`
--

DROP TABLE IF EXISTS `cmf_product_tag`;
/*!40101 SET @saved_cs_client     = @@character_set_client */;
/*!40101 SET character_set_client = utf8 */;
CREATE TABLE `cmf_product_tag` (
  `id` bigint(20) unsigned NOT NULL AUTO_INCREMENT COMMENT '分类id',
  `status` tinyint(3) unsigned NOT NULL DEFAULT '1' COMMENT '状态,1:发布,0:不发布',
  `recommended` tinyint(3) unsigned NOT NULL DEFAULT '0' COMMENT '是否推荐;1:推荐;0:不推荐',
  `post_count` bigint(20) unsigned NOT NULL DEFAULT '0' COMMENT '标签产品数',
  `name` varchar(20) CHARACTER SET utf8mb4 COLLATE utf8mb4_unicode_ci NOT NULL DEFAULT '' COMMENT '标签名称',
  PRIMARY KEY (`id`)
) ENGINE=InnoDB DEFAULT CHARSET=utf8mb4 COMMENT='product应用 产品标签表';
/*!40101 SET character_set_client = @saved_cs_client */;

--
-- Dumping data for table `cmf_product_tag`
--

LOCK TABLES `cmf_product_tag` WRITE;
/*!40000 ALTER TABLE `cmf_product_tag` DISABLE KEYS */;
/*!40000 ALTER TABLE `cmf_product_tag` ENABLE KEYS */;
UNLOCK TABLES;

--
-- Table structure for table `cmf_product_tag_post`
--

DROP TABLE IF EXISTS `cmf_product_tag_post`;
/*!40101 SET @saved_cs_client     = @@character_set_client */;
/*!40101 SET character_set_client = utf8 */;
CREATE TABLE `cmf_product_tag_post` (
  `id` bigint(20) NOT NULL AUTO_INCREMENT,
  `tag_id` bigint(20) unsigned NOT NULL DEFAULT '0' COMMENT '标签 id',
  `post_id` bigint(20) unsigned NOT NULL DEFAULT '0' COMMENT '产品 id',
  `status` tinyint(3) unsigned NOT NULL DEFAULT '1' COMMENT '状态,1:发布;0:不发布',
  PRIMARY KEY (`id`),
  KEY `post_id` (`post_id`)
) ENGINE=InnoDB DEFAULT CHARSET=utf8 COMMENT='product应用 标签产品对应表';
/*!40101 SET character_set_client = @saved_cs_client */;

--
-- Dumping data for table `cmf_product_tag_post`
--

LOCK TABLES `cmf_product_tag_post` WRITE;
/*!40000 ALTER TABLE `cmf_product_tag_post` DISABLE KEYS */;
/*!40000 ALTER TABLE `cmf_product_tag_post` ENABLE KEYS */;
UNLOCK TABLES;

--
-- Table structure for table `cmf_recycle_bin`
--

DROP TABLE IF EXISTS `cmf_recycle_bin`;
/*!40101 SET @saved_cs_client     = @@character_set_client */;
/*!40101 SET character_set_client = utf8 */;
CREATE TABLE `cmf_recycle_bin` (
  `id` bigint(20) unsigned NOT NULL AUTO_INCREMENT,
  `object_id` int(11) DEFAULT '0' COMMENT '删除内容 id',
  `create_time` int(10) unsigned DEFAULT '0' COMMENT '创建时间',
  `table_name` varchar(60) DEFAULT '' COMMENT '删除内容所在表名',
  `name` varchar(255) DEFAULT '' COMMENT '删除内容名称',
  `user_id` bigint(20) unsigned NOT NULL DEFAULT '0' COMMENT '用户id',
  PRIMARY KEY (`id`)
) ENGINE=InnoDB AUTO_INCREMENT=3 DEFAULT CHARSET=utf8mb4 COMMENT=' 回收站';
/*!40101 SET character_set_client = @saved_cs_client */;

--
-- Dumping data for table `cmf_recycle_bin`
--

LOCK TABLES `cmf_recycle_bin` WRITE;
/*!40000 ALTER TABLE `cmf_recycle_bin` DISABLE KEYS */;
INSERT INTO `cmf_recycle_bin` VALUES (1,2,1586695363,'portal_category','菜单1',0),(2,3,1586695371,'portal_category','子菜单2',0);
/*!40000 ALTER TABLE `cmf_recycle_bin` ENABLE KEYS */;
UNLOCK TABLES;

--
-- Table structure for table `cmf_role`
--

DROP TABLE IF EXISTS `cmf_role`;
/*!40101 SET @saved_cs_client     = @@character_set_client */;
/*!40101 SET character_set_client = utf8 */;
CREATE TABLE `cmf_role` (
  `id` int(10) unsigned NOT NULL AUTO_INCREMENT,
  `parent_id` int(10) unsigned NOT NULL DEFAULT '0' COMMENT '父角色ID',
  `status` tinyint(3) unsigned NOT NULL DEFAULT '0' COMMENT '状态;0:禁用;1:正常',
  `create_time` int(10) unsigned NOT NULL DEFAULT '0' COMMENT '创建时间',
  `update_time` int(10) unsigned NOT NULL DEFAULT '0' COMMENT '更新时间',
  `list_order` float NOT NULL DEFAULT '0' COMMENT '排序',
  `name` varchar(20) CHARACTER SET utf8mb4 COLLATE utf8mb4_unicode_ci NOT NULL DEFAULT '' COMMENT '角色名称',
  `remark` varchar(255) NOT NULL DEFAULT '' COMMENT '备注',
  PRIMARY KEY (`id`),
  KEY `parent_id` (`parent_id`),
  KEY `status` (`status`)
) ENGINE=InnoDB AUTO_INCREMENT=3 DEFAULT CHARSET=utf8mb4 COMMENT='角色表';
/*!40101 SET character_set_client = @saved_cs_client */;

--
-- Dumping data for table `cmf_role`
--

LOCK TABLES `cmf_role` WRITE;
/*!40000 ALTER TABLE `cmf_role` DISABLE KEYS */;
INSERT INTO `cmf_role` VALUES (1,0,1,1329633709,1329633709,0,'超级管理员','拥有网站最高管理员权限！'),(2,0,1,1329633709,1329633709,0,'普通管理员','权限由最高管理员分配！');
/*!40000 ALTER TABLE `cmf_role` ENABLE KEYS */;
UNLOCK TABLES;

--
-- Table structure for table `cmf_role_user`
--

DROP TABLE IF EXISTS `cmf_role_user`;
/*!40101 SET @saved_cs_client     = @@character_set_client */;
/*!40101 SET character_set_client = utf8 */;
CREATE TABLE `cmf_role_user` (
  `id` bigint(20) unsigned NOT NULL AUTO_INCREMENT,
  `role_id` int(10) unsigned NOT NULL DEFAULT '0' COMMENT '角色 id',
  `user_id` bigint(20) unsigned NOT NULL DEFAULT '0' COMMENT '用户id',
  PRIMARY KEY (`id`),
  KEY `role_id` (`role_id`),
  KEY `user_id` (`user_id`)
) ENGINE=InnoDB DEFAULT CHARSET=utf8 COMMENT='用户角色对应表';
/*!40101 SET character_set_client = @saved_cs_client */;

--
-- Dumping data for table `cmf_role_user`
--

LOCK TABLES `cmf_role_user` WRITE;
/*!40000 ALTER TABLE `cmf_role_user` DISABLE KEYS */;
/*!40000 ALTER TABLE `cmf_role_user` ENABLE KEYS */;
UNLOCK TABLES;

--
-- Table structure for table `cmf_route`
--

DROP TABLE IF EXISTS `cmf_route`;
/*!40101 SET @saved_cs_client     = @@character_set_client */;
/*!40101 SET character_set_client = utf8 */;
CREATE TABLE `cmf_route` (
  `id` int(11) NOT NULL AUTO_INCREMENT COMMENT '路由id',
  `list_order` float NOT NULL DEFAULT '10000' COMMENT '排序',
  `status` tinyint(2) NOT NULL DEFAULT '1' COMMENT '状态;1:启用,0:不启用',
  `type` tinyint(4) NOT NULL DEFAULT '1' COMMENT 'URL规则类型;1:用户自定义;2:别名添加',
  `full_url` varchar(255) NOT NULL DEFAULT '' COMMENT '完整url',
  `url` varchar(255) NOT NULL DEFAULT '' COMMENT '实际显示的url',
  PRIMARY KEY (`id`)
) ENGINE=InnoDB AUTO_INCREMENT=13 DEFAULT CHARSET=utf8mb4 COMMENT='url路由表';
/*!40101 SET character_set_client = @saved_cs_client */;

--
-- Dumping data for table `cmf_route`
--

LOCK TABLES `cmf_route` WRITE;
/*!40000 ALTER TABLE `cmf_route` DISABLE KEYS */;
INSERT INTO `cmf_route` VALUES (1,10000,1,1,'user/Register/index','register$'),(6,5000,1,2,'portal/Page/index?id=2','about-us'),(7,5000,1,2,'portal/List/index?id=1','cases'),(8,4999,1,2,'portal/Article/index?cid=1','cases/:id'),(9,5000,1,2,'portal/List/index?id=5','ketang'),(10,4999,1,2,'portal/Article/index?cid=5','ketang/:id'),(11,5000,1,2,'portal/List/index?id=6','pc'),(12,4999,1,2,'portal/Article/index?cid=6','pc/:id');
/*!40000 ALTER TABLE `cmf_route` ENABLE KEYS */;
UNLOCK TABLES;

--
-- Table structure for table `cmf_slide`
--

DROP TABLE IF EXISTS `cmf_slide`;
/*!40101 SET @saved_cs_client     = @@character_set_client */;
/*!40101 SET character_set_client = utf8 */;
CREATE TABLE `cmf_slide` (
  `id` int(11) NOT NULL AUTO_INCREMENT,
  `status` tinyint(3) unsigned NOT NULL DEFAULT '1' COMMENT '状态,1:显示,0不显示',
  `delete_time` int(10) unsigned NOT NULL DEFAULT '0' COMMENT '删除时间',
  `name` varchar(50) CHARACTER SET utf8 NOT NULL DEFAULT '' COMMENT '幻灯片分类',
  `remark` varchar(255) CHARACTER SET utf8 NOT NULL DEFAULT '' COMMENT '分类备注',
  PRIMARY KEY (`id`)
) ENGINE=InnoDB AUTO_INCREMENT=3 DEFAULT CHARSET=utf8mb4 COMMENT='幻灯片表';
/*!40101 SET character_set_client = @saved_cs_client */;

--
-- Dumping data for table `cmf_slide`
--

LOCK TABLES `cmf_slide` WRITE;
/*!40000 ALTER TABLE `cmf_slide` DISABLE KEYS */;
INSERT INTO `cmf_slide` VALUES (1,1,0,'首页pc','首页pc'),(2,1,0,'首页mobile','');
/*!40000 ALTER TABLE `cmf_slide` ENABLE KEYS */;
UNLOCK TABLES;

--
-- Table structure for table `cmf_slide_item`
--

DROP TABLE IF EXISTS `cmf_slide_item`;
/*!40101 SET @saved_cs_client     = @@character_set_client */;
/*!40101 SET character_set_client = utf8 */;
CREATE TABLE `cmf_slide_item` (
  `id` int(10) unsigned NOT NULL AUTO_INCREMENT,
  `slide_id` int(11) NOT NULL DEFAULT '0' COMMENT '幻灯片id',
  `status` tinyint(3) unsigned NOT NULL DEFAULT '1' COMMENT '状态,1:显示;0:隐藏',
  `list_order` float NOT NULL DEFAULT '10000' COMMENT '排序',
  `title` varchar(50) NOT NULL DEFAULT '' COMMENT '幻灯片名称',
  `image` varchar(255) CHARACTER SET utf8 NOT NULL DEFAULT '' COMMENT '幻灯片图片',
  `url` varchar(255) CHARACTER SET utf8 NOT NULL DEFAULT '' COMMENT '幻灯片链接',
  `target` varchar(10) NOT NULL DEFAULT '' COMMENT '友情链接打开方式',
  `description` varchar(255) CHARACTER SET utf8 NOT NULL COMMENT '幻灯片描述',
  `content` text CHARACTER SET utf8 COMMENT '幻灯片内容',
  `more` text COMMENT '扩展信息',
  PRIMARY KEY (`id`),
  KEY `slide_id` (`slide_id`)
) ENGINE=InnoDB AUTO_INCREMENT=4 DEFAULT CHARSET=utf8mb4 COMMENT='幻灯片子项表';
/*!40101 SET character_set_client = @saved_cs_client */;

--
-- Dumping data for table `cmf_slide_item`
--

LOCK TABLES `cmf_slide_item` WRITE;
/*!40000 ALTER TABLE `cmf_slide_item` DISABLE KEYS */;
INSERT INTO `cmf_slide_item` VALUES (1,1,1,10000,'幻灯片1','default/20200410/06070cebabcd0023d4d8d4546c17af73.jpg','','_blank','','',NULL),(2,1,1,10000,'幻灯片2','default/20200410/b869bf612a0d87a05537cea477876486.jpeg','','_blank','','',NULL),(3,2,1,10000,'幻灯片1','default/20200410/13798b86aa2d633c33db59e331dafa72.jpeg','','_blank','','',NULL);
/*!40000 ALTER TABLE `cmf_slide_item` ENABLE KEYS */;
UNLOCK TABLES;

--
-- Table structure for table `cmf_theme`
--

DROP TABLE IF EXISTS `cmf_theme`;
/*!40101 SET @saved_cs_client     = @@character_set_client */;
/*!40101 SET character_set_client = utf8 */;
CREATE TABLE `cmf_theme` (
  `id` int(11) NOT NULL AUTO_INCREMENT,
  `create_time` int(10) unsigned NOT NULL DEFAULT '0' COMMENT '安装时间',
  `update_time` int(10) unsigned NOT NULL DEFAULT '0' COMMENT '最后升级时间',
  `status` tinyint(3) unsigned NOT NULL DEFAULT '0' COMMENT '模板状态,1:正在使用;0:未使用',
  `is_compiled` tinyint(3) unsigned NOT NULL DEFAULT '0' COMMENT '是否为已编译模板',
  `theme` varchar(20) NOT NULL DEFAULT '' COMMENT '主题目录名，用于主题的维一标识',
  `name` varchar(20) NOT NULL DEFAULT '' COMMENT '主题名称',
  `version` varchar(20) NOT NULL DEFAULT '' COMMENT '主题版本号',
  `demo_url` varchar(50) NOT NULL DEFAULT '' COMMENT '演示地址，带协议',
  `thumbnail` varchar(100) NOT NULL DEFAULT '' COMMENT '缩略图',
  `author` varchar(20) NOT NULL DEFAULT '' COMMENT '主题作者',
  `author_url` varchar(50) NOT NULL DEFAULT '' COMMENT '作者网站链接',
  `lang` varchar(10) NOT NULL DEFAULT '' COMMENT '支持语言',
  `keywords` varchar(50) NOT NULL DEFAULT '' COMMENT '主题关键字',
  `description` varchar(100) NOT NULL DEFAULT '' COMMENT '主题描述',
  PRIMARY KEY (`id`)
) ENGINE=InnoDB AUTO_INCREMENT=4 DEFAULT CHARSET=utf8;
/*!40101 SET character_set_client = @saved_cs_client */;

--
-- Dumping data for table `cmf_theme`
--

LOCK TABLES `cmf_theme` WRITE;
/*!40000 ALTER TABLE `cmf_theme` DISABLE KEYS */;
INSERT INTO `cmf_theme` VALUES (1,0,0,0,0,'default','default','1.0.0','http://demo.thinkcmf.com','','ThinkCMF','http://www.thinkcmf.com','zh-cn','ThinkCMF默认模板','ThinkCMF默认模板'),(2,0,0,0,0,'simpleboot3','simpleboot3','1.0.2','http://demo.thinkcmf.com','','ThinkCMF','http://www.thinkcmf.com','zh-cn','ThinkCMF模板','ThinkCMF默认模板'),(3,0,0,0,0,'ruanshan','Ruanshan','1.0.0','http://demo.thinkcmf.com','','David','http://www.thinkcmf.com','zh-cn','Ruanshan ThinkCMF模板','Ruanshan website 默认模板');
/*!40000 ALTER TABLE `cmf_theme` ENABLE KEYS */;
UNLOCK TABLES;

--
-- Table structure for table `cmf_theme_file`
--

DROP TABLE IF EXISTS `cmf_theme_file`;
/*!40101 SET @saved_cs_client     = @@character_set_client */;
/*!40101 SET character_set_client = utf8 */;
CREATE TABLE `cmf_theme_file` (
  `id` int(11) NOT NULL AUTO_INCREMENT,
  `is_public` tinyint(4) NOT NULL DEFAULT '0' COMMENT '是否公共的模板文件',
  `list_order` float NOT NULL DEFAULT '10000' COMMENT '排序',
  `theme` varchar(20) NOT NULL DEFAULT '' COMMENT '模板名称',
  `name` varchar(20) NOT NULL DEFAULT '' COMMENT '模板文件名',
  `action` varchar(50) NOT NULL DEFAULT '' COMMENT '操作',
  `file` varchar(50) NOT NULL DEFAULT '' COMMENT '模板文件，相对于模板根目录，如Portal/index.html',
  `description` varchar(100) NOT NULL DEFAULT '' COMMENT '模板文件描述',
  `more` text COMMENT '模板更多配置,用户自己后台设置的',
  `config_more` text COMMENT '模板更多配置,来源模板的配置文件',
  `draft_more` text COMMENT '模板更多配置,用户临时保存的配置',
  PRIMARY KEY (`id`)
) ENGINE=InnoDB AUTO_INCREMENT=24 DEFAULT CHARSET=utf8;
/*!40101 SET character_set_client = @saved_cs_client */;

--
-- Dumping data for table `cmf_theme_file`
--

LOCK TABLES `cmf_theme_file` WRITE;
/*!40000 ALTER TABLE `cmf_theme_file` DISABLE KEYS */;
INSERT INTO `cmf_theme_file` VALUES (1,0,10,'simpleboot3','文章页','portal/Article/index','portal/article','文章页模板文件','{\"vars\":{\"hot_articles_category_id\":{\"title\":\"Hot Articles\\u5206\\u7c7bID\",\"value\":\"1\",\"type\":\"text\",\"tip\":\"\",\"rule\":[]}}}','{\"vars\":{\"hot_articles_category_id\":{\"title\":\"Hot Articles\\u5206\\u7c7bID\",\"value\":\"1\",\"type\":\"text\",\"tip\":\"\",\"rule\":[]}}}',NULL),(2,0,10,'simpleboot3','联系我们页','portal/Page/index','portal/contact','联系我们页模板文件','{\"vars\":{\"baidu_map_info_window_text\":{\"title\":\"\\u767e\\u5ea6\\u5730\\u56fe\\u6807\\u6ce8\\u6587\\u5b57\",\"name\":\"baidu_map_info_window_text\",\"value\":\"ThinkCMF<br\\/><span class=\'\'>\\u5730\\u5740\\uff1a\\u4e0a\\u6d77\\u5e02\\u5f90\\u6c47\\u533a\\u659c\\u571f\\u8def2601\\u53f7<\\/span>\",\"type\":\"text\",\"tip\":\"\\u767e\\u5ea6\\u5730\\u56fe\\u6807\\u6ce8\\u6587\\u5b57,\\u652f\\u6301\\u7b80\\u5355html\\u4ee3\\u7801\",\"rule\":[]},\"company_location\":{\"title\":\"\\u516c\\u53f8\\u5750\\u6807\",\"value\":\"\",\"type\":\"location\",\"tip\":\"\",\"rule\":{\"require\":true}},\"address_cn\":{\"title\":\"\\u516c\\u53f8\\u5730\\u5740\",\"value\":\"\\u4e0a\\u6d77\\u5e02\\u5f90\\u6c47\\u533a\\u659c\\u571f\\u8def0001\\u53f7\",\"type\":\"text\",\"tip\":\"\",\"rule\":{\"require\":true}},\"address_en\":{\"title\":\"\\u516c\\u53f8\\u5730\\u5740\\uff08\\u82f1\\u6587\\uff09\",\"value\":\"NO.0001 Xie Tu Road, Shanghai China\",\"type\":\"text\",\"tip\":\"\",\"rule\":{\"require\":true}},\"email\":{\"title\":\"\\u516c\\u53f8\\u90ae\\u7bb1\",\"value\":\"catman@thinkcmf.com\",\"type\":\"text\",\"tip\":\"\",\"rule\":{\"require\":true}},\"phone_cn\":{\"title\":\"\\u516c\\u53f8\\u7535\\u8bdd\",\"value\":\"021 1000 0001\",\"type\":\"text\",\"tip\":\"\",\"rule\":{\"require\":true}},\"phone_en\":{\"title\":\"\\u516c\\u53f8\\u7535\\u8bdd\\uff08\\u82f1\\u6587\\uff09\",\"value\":\"+8621 1000 0001\",\"type\":\"text\",\"tip\":\"\",\"rule\":{\"require\":true}},\"qq\":{\"title\":\"\\u8054\\u7cfbQQ\",\"value\":\"478519726\",\"type\":\"text\",\"tip\":\"\\u591a\\u4e2a QQ\\u4ee5\\u82f1\\u6587\\u9017\\u53f7\\u9694\\u5f00\",\"rule\":{\"require\":true}}}}','{\"vars\":{\"baidu_map_info_window_text\":{\"title\":\"\\u767e\\u5ea6\\u5730\\u56fe\\u6807\\u6ce8\\u6587\\u5b57\",\"name\":\"baidu_map_info_window_text\",\"value\":\"ThinkCMF<br\\/><span class=\'\'>\\u5730\\u5740\\uff1a\\u4e0a\\u6d77\\u5e02\\u5f90\\u6c47\\u533a\\u659c\\u571f\\u8def2601\\u53f7<\\/span>\",\"type\":\"text\",\"tip\":\"\\u767e\\u5ea6\\u5730\\u56fe\\u6807\\u6ce8\\u6587\\u5b57,\\u652f\\u6301\\u7b80\\u5355html\\u4ee3\\u7801\",\"rule\":[]},\"company_location\":{\"title\":\"\\u516c\\u53f8\\u5750\\u6807\",\"value\":\"\",\"type\":\"location\",\"tip\":\"\",\"rule\":{\"require\":true}},\"address_cn\":{\"title\":\"\\u516c\\u53f8\\u5730\\u5740\",\"value\":\"\\u4e0a\\u6d77\\u5e02\\u5f90\\u6c47\\u533a\\u659c\\u571f\\u8def0001\\u53f7\",\"type\":\"text\",\"tip\":\"\",\"rule\":{\"require\":true}},\"address_en\":{\"title\":\"\\u516c\\u53f8\\u5730\\u5740\\uff08\\u82f1\\u6587\\uff09\",\"value\":\"NO.0001 Xie Tu Road, Shanghai China\",\"type\":\"text\",\"tip\":\"\",\"rule\":{\"require\":true}},\"email\":{\"title\":\"\\u516c\\u53f8\\u90ae\\u7bb1\",\"value\":\"catman@thinkcmf.com\",\"type\":\"text\",\"tip\":\"\",\"rule\":{\"require\":true}},\"phone_cn\":{\"title\":\"\\u516c\\u53f8\\u7535\\u8bdd\",\"value\":\"021 1000 0001\",\"type\":\"text\",\"tip\":\"\",\"rule\":{\"require\":true}},\"phone_en\":{\"title\":\"\\u516c\\u53f8\\u7535\\u8bdd\\uff08\\u82f1\\u6587\\uff09\",\"value\":\"+8621 1000 0001\",\"type\":\"text\",\"tip\":\"\",\"rule\":{\"require\":true}},\"qq\":{\"title\":\"\\u8054\\u7cfbQQ\",\"value\":\"478519726\",\"type\":\"text\",\"tip\":\"\\u591a\\u4e2a QQ\\u4ee5\\u82f1\\u6587\\u9017\\u53f7\\u9694\\u5f00\",\"rule\":{\"require\":true}}}}',NULL),(3,0,5,'simpleboot3','首页','portal/Index/index','portal/index','首页模板文件','{\"vars\":{\"top_slide\":{\"title\":\"\\u9876\\u90e8\\u5e7b\\u706f\\u7247\",\"value\":\"\",\"type\":\"text\",\"dataSource\":{\"api\":\"admin\\/Slide\\/index\",\"multi\":false},\"placeholder\":\"\\u8bf7\\u9009\\u62e9\\u9876\\u90e8\\u5e7b\\u706f\\u7247\",\"tip\":\"\\u9876\\u90e8\\u5e7b\\u706f\\u7247\",\"rule\":{\"require\":true},\"valueText\":\"\\u9996\\u9875pc\"}},\"widgets\":{\"features\":{\"title\":\"\\u5feb\\u901f\\u4e86\\u89e3ThinkCMF\",\"display\":\"1\",\"vars\":{\"sub_title\":{\"title\":\"\\u526f\\u6807\\u9898\",\"value\":\"Quickly understand the ThinkCMF\",\"type\":\"text\",\"placeholder\":\"\\u8bf7\\u8f93\\u5165\\u526f\\u6807\\u9898\",\"tip\":\"\",\"rule\":{\"require\":true}},\"features\":{\"title\":\"\\u7279\\u6027\\u4ecb\\u7ecd\",\"value\":[{\"title\":\"MVC\\u5206\\u5c42\\u6a21\\u5f0f\",\"icon\":\"bars\",\"content\":\"\\u4f7f\\u7528MVC\\u5e94\\u7528\\u7a0b\\u5e8f\\u88ab\\u5206\\u6210\\u4e09\\u4e2a\\u6838\\u5fc3\\u90e8\\u4ef6\\uff1a\\u6a21\\u578b\\uff08M\\uff09\\u3001\\u89c6\\u56fe\\uff08V\\uff09\\u3001\\u63a7\\u5236\\u5668\\uff08C\\uff09\\uff0c\\u4ed6\\u4e0d\\u662f\\u4e00\\u4e2a\\u65b0\\u7684\\u6982\\u5ff5\\uff0c\\u53ea\\u662fThinkCMF\\u5c06\\u5176\\u53d1\\u6325\\u5230\\u4e86\\u6781\\u81f4\\u3002\"},{\"title\":\"\\u7528\\u6237\\u7ba1\\u7406\",\"icon\":\"group\",\"content\":\"ThinkCMF\\u5185\\u7f6e\\u4e86\\u7075\\u6d3b\\u7684\\u7528\\u6237\\u7ba1\\u7406\\u65b9\\u5f0f\\uff0c\\u5e76\\u53ef\\u76f4\\u63a5\\u4e0e\\u7b2c\\u4e09\\u65b9\\u7ad9\\u70b9\\u8fdb\\u884c\\u4e92\\u8054\\u4e92\\u901a\\uff0c\\u5982\\u679c\\u4f60\\u613f\\u610f\\u751a\\u81f3\\u53ef\\u4ee5\\u5bf9\\u5355\\u4e2a\\u7528\\u6237\\u6216\\u7fa4\\u4f53\\u7528\\u6237\\u7684\\u884c\\u4e3a\\u8fdb\\u884c\\u8bb0\\u5f55\\u53ca\\u5206\\u4eab\\uff0c\\u4e3a\\u60a8\\u7684\\u8fd0\\u8425\\u51b3\\u7b56\\u63d0\\u4f9b\\u6709\\u6548\\u53c2\\u8003\\u6570\\u636e\\u3002\"},{\"title\":\"\\u4e91\\u7aef\\u90e8\\u7f72\",\"icon\":\"cloud\",\"content\":\"\\u901a\\u8fc7\\u9a71\\u52a8\\u7684\\u65b9\\u5f0f\\u53ef\\u4ee5\\u8f7b\\u677e\\u652f\\u6301\\u4e91\\u5e73\\u53f0\\u7684\\u90e8\\u7f72\\uff0c\\u8ba9\\u4f60\\u7684\\u7f51\\u7ad9\\u65e0\\u7f1d\\u8fc1\\u79fb\\uff0c\\u5185\\u7f6e\\u5df2\\u7ecf\\u652f\\u6301SAE\\u3001BAE\\uff0c\\u6b63\\u5f0f\\u7248\\u5c06\\u5bf9\\u4e91\\u7aef\\u90e8\\u7f72\\u8fdb\\u884c\\u8fdb\\u4e00\\u6b65\\u4f18\\u5316\\u3002\"},{\"title\":\"\\u5b89\\u5168\\u7b56\\u7565\",\"icon\":\"heart\",\"content\":\"\\u63d0\\u4f9b\\u7684\\u7a33\\u5065\\u7684\\u5b89\\u5168\\u7b56\\u7565\\uff0c\\u5305\\u62ec\\u5907\\u4efd\\u6062\\u590d\\uff0c\\u5bb9\\u9519\\uff0c\\u9632\\u6cbb\\u6076\\u610f\\u653b\\u51fb\\u767b\\u9646\\uff0c\\u7f51\\u9875\\u9632\\u7be1\\u6539\\u7b49\\u591a\\u9879\\u5b89\\u5168\\u7ba1\\u7406\\u529f\\u80fd\\uff0c\\u4fdd\\u8bc1\\u7cfb\\u7edf\\u5b89\\u5168\\uff0c\\u53ef\\u9760\\uff0c\\u7a33\\u5b9a\\u7684\\u8fd0\\u884c\\u3002\"},{\"title\":\"\\u5e94\\u7528\\u6a21\\u5757\\u5316\",\"icon\":\"cubes\",\"content\":\"\\u63d0\\u51fa\\u5168\\u65b0\\u7684\\u5e94\\u7528\\u6a21\\u5f0f\\u8fdb\\u884c\\u6269\\u5c55\\uff0c\\u4e0d\\u7ba1\\u662f\\u4f60\\u5f00\\u53d1\\u4e00\\u4e2a\\u5c0f\\u529f\\u80fd\\u8fd8\\u662f\\u4e00\\u4e2a\\u5168\\u65b0\\u7684\\u7ad9\\u70b9\\uff0c\\u5728ThinkCMF\\u4e2d\\u4f60\\u53ea\\u662f\\u589e\\u52a0\\u4e86\\u4e00\\u4e2aAPP\\uff0c\\u6bcf\\u4e2a\\u72ec\\u7acb\\u8fd0\\u884c\\u4e92\\u4e0d\\u5f71\\u54cd\\uff0c\\u4fbf\\u4e8e\\u7075\\u6d3b\\u6269\\u5c55\\u548c\\u4e8c\\u6b21\\u5f00\\u53d1\\u3002\"},{\"title\":\"\\u514d\\u8d39\\u5f00\\u6e90\",\"icon\":\"certificate\",\"content\":\"\\u4ee3\\u7801\\u9075\\u5faaApache2\\u5f00\\u6e90\\u534f\\u8bae\\uff0c\\u514d\\u8d39\\u4f7f\\u7528\\uff0c\\u5bf9\\u5546\\u4e1a\\u7528\\u6237\\u4e5f\\u65e0\\u4efb\\u4f55\\u9650\\u5236\\u3002\"}],\"type\":\"array\",\"item\":{\"title\":{\"title\":\"\\u6807\\u9898\",\"value\":\"\",\"type\":\"text\",\"rule\":{\"require\":true}},\"icon\":{\"title\":\"\\u56fe\\u6807\",\"value\":\"\",\"type\":\"text\"},\"content\":{\"title\":\"\\u63cf\\u8ff0\",\"value\":\"\",\"type\":\"textarea\"}},\"tip\":\"\"}}},\"last_news\":{\"title\":\"\\u6700\\u65b0\\u8d44\\u8baf\",\"display\":\"1\",\"vars\":{\"last_news_category_id\":{\"title\":\"\\u6587\\u7ae0\\u5206\\u7c7bID\",\"value\":\"\",\"type\":\"text\",\"dataSource\":{\"api\":\"portal\\/Category\\/index\",\"multi\":true},\"placeholder\":\"\\u8bf7\\u9009\\u62e9\\u5206\\u7c7b\",\"tip\":\"\",\"rule\":{\"require\":true}}}}}}','{\"vars\":{\"top_slide\":{\"title\":\"\\u9876\\u90e8\\u5e7b\\u706f\\u7247\",\"value\":\"\",\"type\":\"text\",\"dataSource\":{\"api\":\"admin\\/Slide\\/index\",\"multi\":false},\"placeholder\":\"\\u8bf7\\u9009\\u62e9\\u9876\\u90e8\\u5e7b\\u706f\\u7247\",\"tip\":\"\\u9876\\u90e8\\u5e7b\\u706f\\u7247\",\"rule\":{\"require\":true}}},\"widgets\":{\"features\":{\"title\":\"\\u5feb\\u901f\\u4e86\\u89e3ThinkCMF\",\"display\":\"1\",\"vars\":{\"sub_title\":{\"title\":\"\\u526f\\u6807\\u9898\",\"value\":\"Quickly understand the ThinkCMF\",\"type\":\"text\",\"placeholder\":\"\\u8bf7\\u8f93\\u5165\\u526f\\u6807\\u9898\",\"tip\":\"\",\"rule\":{\"require\":true}},\"features\":{\"title\":\"\\u7279\\u6027\\u4ecb\\u7ecd\",\"value\":[{\"title\":\"MVC\\u5206\\u5c42\\u6a21\\u5f0f\",\"icon\":\"bars\",\"content\":\"\\u4f7f\\u7528MVC\\u5e94\\u7528\\u7a0b\\u5e8f\\u88ab\\u5206\\u6210\\u4e09\\u4e2a\\u6838\\u5fc3\\u90e8\\u4ef6\\uff1a\\u6a21\\u578b\\uff08M\\uff09\\u3001\\u89c6\\u56fe\\uff08V\\uff09\\u3001\\u63a7\\u5236\\u5668\\uff08C\\uff09\\uff0c\\u4ed6\\u4e0d\\u662f\\u4e00\\u4e2a\\u65b0\\u7684\\u6982\\u5ff5\\uff0c\\u53ea\\u662fThinkCMF\\u5c06\\u5176\\u53d1\\u6325\\u5230\\u4e86\\u6781\\u81f4\\u3002\"},{\"title\":\"\\u7528\\u6237\\u7ba1\\u7406\",\"icon\":\"group\",\"content\":\"ThinkCMF\\u5185\\u7f6e\\u4e86\\u7075\\u6d3b\\u7684\\u7528\\u6237\\u7ba1\\u7406\\u65b9\\u5f0f\\uff0c\\u5e76\\u53ef\\u76f4\\u63a5\\u4e0e\\u7b2c\\u4e09\\u65b9\\u7ad9\\u70b9\\u8fdb\\u884c\\u4e92\\u8054\\u4e92\\u901a\\uff0c\\u5982\\u679c\\u4f60\\u613f\\u610f\\u751a\\u81f3\\u53ef\\u4ee5\\u5bf9\\u5355\\u4e2a\\u7528\\u6237\\u6216\\u7fa4\\u4f53\\u7528\\u6237\\u7684\\u884c\\u4e3a\\u8fdb\\u884c\\u8bb0\\u5f55\\u53ca\\u5206\\u4eab\\uff0c\\u4e3a\\u60a8\\u7684\\u8fd0\\u8425\\u51b3\\u7b56\\u63d0\\u4f9b\\u6709\\u6548\\u53c2\\u8003\\u6570\\u636e\\u3002\"},{\"title\":\"\\u4e91\\u7aef\\u90e8\\u7f72\",\"icon\":\"cloud\",\"content\":\"\\u901a\\u8fc7\\u9a71\\u52a8\\u7684\\u65b9\\u5f0f\\u53ef\\u4ee5\\u8f7b\\u677e\\u652f\\u6301\\u4e91\\u5e73\\u53f0\\u7684\\u90e8\\u7f72\\uff0c\\u8ba9\\u4f60\\u7684\\u7f51\\u7ad9\\u65e0\\u7f1d\\u8fc1\\u79fb\\uff0c\\u5185\\u7f6e\\u5df2\\u7ecf\\u652f\\u6301SAE\\u3001BAE\\uff0c\\u6b63\\u5f0f\\u7248\\u5c06\\u5bf9\\u4e91\\u7aef\\u90e8\\u7f72\\u8fdb\\u884c\\u8fdb\\u4e00\\u6b65\\u4f18\\u5316\\u3002\"},{\"title\":\"\\u5b89\\u5168\\u7b56\\u7565\",\"icon\":\"heart\",\"content\":\"\\u63d0\\u4f9b\\u7684\\u7a33\\u5065\\u7684\\u5b89\\u5168\\u7b56\\u7565\\uff0c\\u5305\\u62ec\\u5907\\u4efd\\u6062\\u590d\\uff0c\\u5bb9\\u9519\\uff0c\\u9632\\u6cbb\\u6076\\u610f\\u653b\\u51fb\\u767b\\u9646\\uff0c\\u7f51\\u9875\\u9632\\u7be1\\u6539\\u7b49\\u591a\\u9879\\u5b89\\u5168\\u7ba1\\u7406\\u529f\\u80fd\\uff0c\\u4fdd\\u8bc1\\u7cfb\\u7edf\\u5b89\\u5168\\uff0c\\u53ef\\u9760\\uff0c\\u7a33\\u5b9a\\u7684\\u8fd0\\u884c\\u3002\"},{\"title\":\"\\u5e94\\u7528\\u6a21\\u5757\\u5316\",\"icon\":\"cubes\",\"content\":\"\\u63d0\\u51fa\\u5168\\u65b0\\u7684\\u5e94\\u7528\\u6a21\\u5f0f\\u8fdb\\u884c\\u6269\\u5c55\\uff0c\\u4e0d\\u7ba1\\u662f\\u4f60\\u5f00\\u53d1\\u4e00\\u4e2a\\u5c0f\\u529f\\u80fd\\u8fd8\\u662f\\u4e00\\u4e2a\\u5168\\u65b0\\u7684\\u7ad9\\u70b9\\uff0c\\u5728ThinkCMF\\u4e2d\\u4f60\\u53ea\\u662f\\u589e\\u52a0\\u4e86\\u4e00\\u4e2aAPP\\uff0c\\u6bcf\\u4e2a\\u72ec\\u7acb\\u8fd0\\u884c\\u4e92\\u4e0d\\u5f71\\u54cd\\uff0c\\u4fbf\\u4e8e\\u7075\\u6d3b\\u6269\\u5c55\\u548c\\u4e8c\\u6b21\\u5f00\\u53d1\\u3002\"},{\"title\":\"\\u514d\\u8d39\\u5f00\\u6e90\",\"icon\":\"certificate\",\"content\":\"\\u4ee3\\u7801\\u9075\\u5faaApache2\\u5f00\\u6e90\\u534f\\u8bae\\uff0c\\u514d\\u8d39\\u4f7f\\u7528\\uff0c\\u5bf9\\u5546\\u4e1a\\u7528\\u6237\\u4e5f\\u65e0\\u4efb\\u4f55\\u9650\\u5236\\u3002\"}],\"type\":\"array\",\"item\":{\"title\":{\"title\":\"\\u6807\\u9898\",\"value\":\"\",\"type\":\"text\",\"rule\":{\"require\":true}},\"icon\":{\"title\":\"\\u56fe\\u6807\",\"value\":\"\",\"type\":\"text\"},\"content\":{\"title\":\"\\u63cf\\u8ff0\",\"value\":\"\",\"type\":\"textarea\"}},\"tip\":\"\"}}},\"last_news\":{\"title\":\"\\u6700\\u65b0\\u8d44\\u8baf\",\"display\":\"1\",\"vars\":{\"last_news_category_id\":{\"title\":\"\\u6587\\u7ae0\\u5206\\u7c7bID\",\"value\":\"\",\"type\":\"text\",\"dataSource\":{\"api\":\"portal\\/Category\\/index\",\"multi\":true},\"placeholder\":\"\\u8bf7\\u9009\\u62e9\\u5206\\u7c7b\",\"tip\":\"\",\"rule\":{\"require\":true}}}}}}',NULL),(4,0,10,'simpleboot3','文章列表页','portal/List/index','portal/list','文章列表模板文件','{\"vars\":[],\"widgets\":{\"hottest_articles\":{\"title\":\"\\u70ed\\u95e8\\u6587\\u7ae0\",\"display\":\"1\",\"vars\":{\"hottest_articles_category_id\":{\"title\":\"\\u6587\\u7ae0\\u5206\\u7c7bID\",\"value\":\"\",\"type\":\"text\",\"dataSource\":{\"api\":\"portal\\/category\\/index\",\"multi\":true},\"placeholder\":\"\\u8bf7\\u9009\\u62e9\\u5206\\u7c7b\",\"tip\":\"\",\"rule\":{\"require\":true}}}},\"last_articles\":{\"title\":\"\\u6700\\u65b0\\u53d1\\u5e03\",\"display\":\"1\",\"vars\":{\"last_articles_category_id\":{\"title\":\"\\u6587\\u7ae0\\u5206\\u7c7bID\",\"value\":\"\",\"type\":\"text\",\"dataSource\":{\"api\":\"portal\\/category\\/index\",\"multi\":true},\"placeholder\":\"\\u8bf7\\u9009\\u62e9\\u5206\\u7c7b\",\"tip\":\"\",\"rule\":{\"require\":true}}}}}}','{\"vars\":[],\"widgets\":{\"hottest_articles\":{\"title\":\"\\u70ed\\u95e8\\u6587\\u7ae0\",\"display\":\"1\",\"vars\":{\"hottest_articles_category_id\":{\"title\":\"\\u6587\\u7ae0\\u5206\\u7c7bID\",\"value\":\"\",\"type\":\"text\",\"dataSource\":{\"api\":\"portal\\/category\\/index\",\"multi\":true},\"placeholder\":\"\\u8bf7\\u9009\\u62e9\\u5206\\u7c7b\",\"tip\":\"\",\"rule\":{\"require\":true}}}},\"last_articles\":{\"title\":\"\\u6700\\u65b0\\u53d1\\u5e03\",\"display\":\"1\",\"vars\":{\"last_articles_category_id\":{\"title\":\"\\u6587\\u7ae0\\u5206\\u7c7bID\",\"value\":\"\",\"type\":\"text\",\"dataSource\":{\"api\":\"portal\\/category\\/index\",\"multi\":true},\"placeholder\":\"\\u8bf7\\u9009\\u62e9\\u5206\\u7c7b\",\"tip\":\"\",\"rule\":{\"require\":true}}}}}}',NULL),(5,0,10,'simpleboot3','单页面','portal/Page/index','portal/page','单页面模板文件','{\"widgets\":{\"hottest_articles\":{\"title\":\"\\u70ed\\u95e8\\u6587\\u7ae0\",\"display\":\"1\",\"vars\":{\"hottest_articles_category_id\":{\"title\":\"\\u6587\\u7ae0\\u5206\\u7c7bID\",\"value\":\"\",\"type\":\"text\",\"dataSource\":{\"api\":\"portal\\/category\\/index\",\"multi\":true},\"placeholder\":\"\\u8bf7\\u9009\\u62e9\\u5206\\u7c7b\",\"tip\":\"\",\"rule\":{\"require\":true}}}},\"last_articles\":{\"title\":\"\\u6700\\u65b0\\u53d1\\u5e03\",\"display\":\"1\",\"vars\":{\"last_articles_category_id\":{\"title\":\"\\u6587\\u7ae0\\u5206\\u7c7bID\",\"value\":\"\",\"type\":\"text\",\"dataSource\":{\"api\":\"portal\\/category\\/index\",\"multi\":true},\"placeholder\":\"\\u8bf7\\u9009\\u62e9\\u5206\\u7c7b\",\"tip\":\"\",\"rule\":{\"require\":true}}}}}}','{\"widgets\":{\"hottest_articles\":{\"title\":\"\\u70ed\\u95e8\\u6587\\u7ae0\",\"display\":\"1\",\"vars\":{\"hottest_articles_category_id\":{\"title\":\"\\u6587\\u7ae0\\u5206\\u7c7bID\",\"value\":\"\",\"type\":\"text\",\"dataSource\":{\"api\":\"portal\\/category\\/index\",\"multi\":true},\"placeholder\":\"\\u8bf7\\u9009\\u62e9\\u5206\\u7c7b\",\"tip\":\"\",\"rule\":{\"require\":true}}}},\"last_articles\":{\"title\":\"\\u6700\\u65b0\\u53d1\\u5e03\",\"display\":\"1\",\"vars\":{\"last_articles_category_id\":{\"title\":\"\\u6587\\u7ae0\\u5206\\u7c7bID\",\"value\":\"\",\"type\":\"text\",\"dataSource\":{\"api\":\"portal\\/category\\/index\",\"multi\":true},\"placeholder\":\"\\u8bf7\\u9009\\u62e9\\u5206\\u7c7b\",\"tip\":\"\",\"rule\":{\"require\":true}}}}}}',NULL),(6,0,10,'simpleboot3','搜索页面','portal/search/index','portal/search','搜索模板文件','{\"vars\":{\"varName1\":{\"title\":\"\\u70ed\\u95e8\\u641c\\u7d22\",\"value\":\"1\",\"type\":\"text\",\"tip\":\"\\u8fd9\\u662f\\u4e00\\u4e2atext\",\"rule\":{\"require\":true}}}}','{\"vars\":{\"varName1\":{\"title\":\"\\u70ed\\u95e8\\u641c\\u7d22\",\"value\":\"1\",\"type\":\"text\",\"tip\":\"\\u8fd9\\u662f\\u4e00\\u4e2atext\",\"rule\":{\"require\":true}}}}',NULL),(7,1,0,'simpleboot3','模板全局配置','public/Config','public/config','模板全局配置文件','{\"vars\":{\"enable_mobile\":{\"title\":\"\\u624b\\u673a\\u6ce8\\u518c\",\"value\":1,\"type\":\"select\",\"options\":{\"1\":\"\\u5f00\\u542f\",\"0\":\"\\u5173\\u95ed\"},\"tip\":\"\"}}}','{\"vars\":{\"enable_mobile\":{\"title\":\"\\u624b\\u673a\\u6ce8\\u518c\",\"value\":1,\"type\":\"select\",\"options\":{\"1\":\"\\u5f00\\u542f\",\"0\":\"\\u5173\\u95ed\"},\"tip\":\"\"}}}',NULL),(8,1,1,'simpleboot3','导航条','public/Nav','public/nav','导航条模板文件','{\"vars\":{\"company_name\":{\"title\":\"\\u516c\\u53f8\\u540d\\u79f0\",\"name\":\"company_name\",\"value\":\"ThinkCMF\",\"type\":\"text\",\"tip\":\"\",\"rule\":[]}}}','{\"vars\":{\"company_name\":{\"title\":\"\\u516c\\u53f8\\u540d\\u79f0\",\"name\":\"company_name\",\"value\":\"ThinkCMF\",\"type\":\"text\",\"tip\":\"\",\"rule\":[]}}}',NULL),(9,0,10,'ruanshan','文章页','portal/Article/index','portal/article','文章页模板文件','{\"vars\":{\"hot_articles_category_id\":{\"title\":\"Hot Articles\\u5206\\u7c7bID\",\"value\":\"1\",\"type\":\"text\",\"tip\":\"\",\"rule\":[]}}}','{\"vars\":{\"hot_articles_category_id\":{\"title\":\"Hot Articles\\u5206\\u7c7bID\",\"value\":\"1\",\"type\":\"text\",\"tip\":\"\",\"rule\":[]}}}',NULL),(10,0,10,'ruanshan','联系我们页','portal/Page/index','portal/contact','联系我们页模板文件','{\"vars\":{\"baidu_map_info_window_text\":{\"title\":\"\\u767e\\u5ea6\\u5730\\u56fe\\u6807\\u6ce8\\u6587\\u5b57\",\"name\":\"baidu_map_info_window_text\",\"value\":\"ThinkCMF<br\\/><span class=\'\'>\\u5730\\u5740\\uff1a\\u4e0a\\u6d77\\u5e02\\u5f90\\u6c47\\u533a\\u659c\\u571f\\u8def2601\\u53f7<\\/span>\",\"type\":\"text\",\"tip\":\"\\u767e\\u5ea6\\u5730\\u56fe\\u6807\\u6ce8\\u6587\\u5b57,\\u652f\\u6301\\u7b80\\u5355html\\u4ee3\\u7801\",\"rule\":[]},\"company_location\":{\"title\":\"\\u516c\\u53f8\\u5750\\u6807\",\"value\":\"\",\"type\":\"location\",\"tip\":\"\",\"rule\":{\"require\":true}},\"address_cn\":{\"title\":\"\\u516c\\u53f8\\u5730\\u5740\",\"value\":\"\\u4e0a\\u6d77\\u5e02\\u5f90\\u6c47\\u533a\\u659c\\u571f\\u8def0001\\u53f7\",\"type\":\"text\",\"tip\":\"\",\"rule\":{\"require\":true}},\"address_en\":{\"title\":\"\\u516c\\u53f8\\u5730\\u5740\\uff08\\u82f1\\u6587\\uff09\",\"value\":\"NO.0001 Xie Tu Road, Shanghai China\",\"type\":\"text\",\"tip\":\"\",\"rule\":{\"require\":true}},\"email\":{\"title\":\"\\u516c\\u53f8\\u90ae\\u7bb1\",\"value\":\"catman@thinkcmf.com\",\"type\":\"text\",\"tip\":\"\",\"rule\":{\"require\":true}},\"phone_cn\":{\"title\":\"\\u516c\\u53f8\\u7535\\u8bdd\",\"value\":\"021 1000 0001\",\"type\":\"text\",\"tip\":\"\",\"rule\":{\"require\":true}},\"phone_en\":{\"title\":\"\\u516c\\u53f8\\u7535\\u8bdd\\uff08\\u82f1\\u6587\\uff09\",\"value\":\"+8621 1000 0001\",\"type\":\"text\",\"tip\":\"\",\"rule\":{\"require\":true}},\"qq\":{\"title\":\"\\u8054\\u7cfbQQ\",\"value\":\"478519726\",\"type\":\"text\",\"tip\":\"\\u591a\\u4e2a QQ\\u4ee5\\u82f1\\u6587\\u9017\\u53f7\\u9694\\u5f00\",\"rule\":{\"require\":true}}}}','{\"vars\":{\"baidu_map_info_window_text\":{\"title\":\"\\u767e\\u5ea6\\u5730\\u56fe\\u6807\\u6ce8\\u6587\\u5b57\",\"name\":\"baidu_map_info_window_text\",\"value\":\"ThinkCMF<br\\/><span class=\'\'>\\u5730\\u5740\\uff1a\\u4e0a\\u6d77\\u5e02\\u5f90\\u6c47\\u533a\\u659c\\u571f\\u8def2601\\u53f7<\\/span>\",\"type\":\"text\",\"tip\":\"\\u767e\\u5ea6\\u5730\\u56fe\\u6807\\u6ce8\\u6587\\u5b57,\\u652f\\u6301\\u7b80\\u5355html\\u4ee3\\u7801\",\"rule\":[]},\"company_location\":{\"title\":\"\\u516c\\u53f8\\u5750\\u6807\",\"value\":\"\",\"type\":\"location\",\"tip\":\"\",\"rule\":{\"require\":true}},\"address_cn\":{\"title\":\"\\u516c\\u53f8\\u5730\\u5740\",\"value\":\"\\u4e0a\\u6d77\\u5e02\\u5f90\\u6c47\\u533a\\u659c\\u571f\\u8def0001\\u53f7\",\"type\":\"text\",\"tip\":\"\",\"rule\":{\"require\":true}},\"address_en\":{\"title\":\"\\u516c\\u53f8\\u5730\\u5740\\uff08\\u82f1\\u6587\\uff09\",\"value\":\"NO.0001 Xie Tu Road, Shanghai China\",\"type\":\"text\",\"tip\":\"\",\"rule\":{\"require\":true}},\"email\":{\"title\":\"\\u516c\\u53f8\\u90ae\\u7bb1\",\"value\":\"catman@thinkcmf.com\",\"type\":\"text\",\"tip\":\"\",\"rule\":{\"require\":true}},\"phone_cn\":{\"title\":\"\\u516c\\u53f8\\u7535\\u8bdd\",\"value\":\"021 1000 0001\",\"type\":\"text\",\"tip\":\"\",\"rule\":{\"require\":true}},\"phone_en\":{\"title\":\"\\u516c\\u53f8\\u7535\\u8bdd\\uff08\\u82f1\\u6587\\uff09\",\"value\":\"+8621 1000 0001\",\"type\":\"text\",\"tip\":\"\",\"rule\":{\"require\":true}},\"qq\":{\"title\":\"\\u8054\\u7cfbQQ\",\"value\":\"478519726\",\"type\":\"text\",\"tip\":\"\\u591a\\u4e2a QQ\\u4ee5\\u82f1\\u6587\\u9017\\u53f7\\u9694\\u5f00\",\"rule\":{\"require\":true}}}}',NULL),(11,0,5,'ruanshan','首页','portal/Index/index','portal/index','首页模板文件','{\"vars\":{\"top_slide\":{\"title\":\"\\u9876\\u90e8\\u5e7b\\u706f\\u7247\",\"value\":\"\",\"type\":\"text\",\"dataSource\":{\"api\":\"admin\\/Slide\\/index\",\"multi\":false},\"placeholder\":\"\\u8bf7\\u9009\\u62e9\\u9876\\u90e8\\u5e7b\\u706f\\u7247\",\"tip\":\"\\u9876\\u90e8\\u5e7b\\u706f\\u7247\",\"rule\":{\"require\":true}}},\"widgets\":{\"features\":{\"title\":\"\\u5feb\\u901f\\u4e86\\u89e3ThinkCMF\",\"display\":1,\"vars\":{\"sub_title\":{\"title\":\"\\u526f\\u6807\\u9898\",\"value\":\"Quickly understand the ThinkCMF\",\"type\":\"text\",\"placeholder\":\"\\u8bf7\\u8f93\\u5165\\u526f\\u6807\\u9898\",\"tip\":\"\",\"rule\":{\"require\":true}},\"features\":{\"title\":\"\\u7279\\u6027\\u4ecb\\u7ecd\",\"value\":[{\"title\":\"MVC\\u5206\\u5c42\\u6a21\\u5f0f\",\"icon\":\"bars\",\"content\":\"\\u4f7f\\u7528MVC\\u5e94\\u7528\\u7a0b\\u5e8f\\u88ab\\u5206\\u6210\\u4e09\\u4e2a\\u6838\\u5fc3\\u90e8\\u4ef6\\uff1a\\u6a21\\u578b\\uff08M\\uff09\\u3001\\u89c6\\u56fe\\uff08V\\uff09\\u3001\\u63a7\\u5236\\u5668\\uff08C\\uff09\\uff0c\\u4ed6\\u4e0d\\u662f\\u4e00\\u4e2a\\u65b0\\u7684\\u6982\\u5ff5\\uff0c\\u53ea\\u662fThinkCMF\\u5c06\\u5176\\u53d1\\u6325\\u5230\\u4e86\\u6781\\u81f4\\u3002\"},{\"title\":\"\\u7528\\u6237\\u7ba1\\u7406\",\"icon\":\"group\",\"content\":\"ThinkCMF\\u5185\\u7f6e\\u4e86\\u7075\\u6d3b\\u7684\\u7528\\u6237\\u7ba1\\u7406\\u65b9\\u5f0f\\uff0c\\u5e76\\u53ef\\u76f4\\u63a5\\u4e0e\\u7b2c\\u4e09\\u65b9\\u7ad9\\u70b9\\u8fdb\\u884c\\u4e92\\u8054\\u4e92\\u901a\\uff0c\\u5982\\u679c\\u4f60\\u613f\\u610f\\u751a\\u81f3\\u53ef\\u4ee5\\u5bf9\\u5355\\u4e2a\\u7528\\u6237\\u6216\\u7fa4\\u4f53\\u7528\\u6237\\u7684\\u884c\\u4e3a\\u8fdb\\u884c\\u8bb0\\u5f55\\u53ca\\u5206\\u4eab\\uff0c\\u4e3a\\u60a8\\u7684\\u8fd0\\u8425\\u51b3\\u7b56\\u63d0\\u4f9b\\u6709\\u6548\\u53c2\\u8003\\u6570\\u636e\\u3002\"},{\"title\":\"\\u4e91\\u7aef\\u90e8\\u7f72\",\"icon\":\"cloud\",\"content\":\"\\u901a\\u8fc7\\u9a71\\u52a8\\u7684\\u65b9\\u5f0f\\u53ef\\u4ee5\\u8f7b\\u677e\\u652f\\u6301\\u4e91\\u5e73\\u53f0\\u7684\\u90e8\\u7f72\\uff0c\\u8ba9\\u4f60\\u7684\\u7f51\\u7ad9\\u65e0\\u7f1d\\u8fc1\\u79fb\\uff0c\\u5185\\u7f6e\\u5df2\\u7ecf\\u652f\\u6301SAE\\u3001BAE\\uff0c\\u6b63\\u5f0f\\u7248\\u5c06\\u5bf9\\u4e91\\u7aef\\u90e8\\u7f72\\u8fdb\\u884c\\u8fdb\\u4e00\\u6b65\\u4f18\\u5316\\u3002\"},{\"title\":\"\\u5b89\\u5168\\u7b56\\u7565\",\"icon\":\"heart\",\"content\":\"\\u63d0\\u4f9b\\u7684\\u7a33\\u5065\\u7684\\u5b89\\u5168\\u7b56\\u7565\\uff0c\\u5305\\u62ec\\u5907\\u4efd\\u6062\\u590d\\uff0c\\u5bb9\\u9519\\uff0c\\u9632\\u6cbb\\u6076\\u610f\\u653b\\u51fb\\u767b\\u9646\\uff0c\\u7f51\\u9875\\u9632\\u7be1\\u6539\\u7b49\\u591a\\u9879\\u5b89\\u5168\\u7ba1\\u7406\\u529f\\u80fd\\uff0c\\u4fdd\\u8bc1\\u7cfb\\u7edf\\u5b89\\u5168\\uff0c\\u53ef\\u9760\\uff0c\\u7a33\\u5b9a\\u7684\\u8fd0\\u884c\\u3002\"},{\"title\":\"\\u5e94\\u7528\\u6a21\\u5757\\u5316\",\"icon\":\"cubes\",\"content\":\"\\u63d0\\u51fa\\u5168\\u65b0\\u7684\\u5e94\\u7528\\u6a21\\u5f0f\\u8fdb\\u884c\\u6269\\u5c55\\uff0c\\u4e0d\\u7ba1\\u662f\\u4f60\\u5f00\\u53d1\\u4e00\\u4e2a\\u5c0f\\u529f\\u80fd\\u8fd8\\u662f\\u4e00\\u4e2a\\u5168\\u65b0\\u7684\\u7ad9\\u70b9\\uff0c\\u5728ThinkCMF\\u4e2d\\u4f60\\u53ea\\u662f\\u589e\\u52a0\\u4e86\\u4e00\\u4e2aAPP\\uff0c\\u6bcf\\u4e2a\\u72ec\\u7acb\\u8fd0\\u884c\\u4e92\\u4e0d\\u5f71\\u54cd\\uff0c\\u4fbf\\u4e8e\\u7075\\u6d3b\\u6269\\u5c55\\u548c\\u4e8c\\u6b21\\u5f00\\u53d1\\u3002\"},{\"title\":\"\\u514d\\u8d39\\u5f00\\u6e90\",\"icon\":\"certificate\",\"content\":\"\\u4ee3\\u7801\\u9075\\u5faaApache2\\u5f00\\u6e90\\u534f\\u8bae\\uff0c\\u514d\\u8d39\\u4f7f\\u7528\\uff0c\\u5bf9\\u5546\\u4e1a\\u7528\\u6237\\u4e5f\\u65e0\\u4efb\\u4f55\\u9650\\u5236\\u3002\"}],\"type\":\"array\",\"item\":{\"title\":{\"title\":\"\\u6807\\u9898\",\"value\":\"\",\"type\":\"text\",\"rule\":{\"require\":true}},\"icon\":{\"title\":\"\\u56fe\\u6807\",\"value\":\"\",\"type\":\"text\"},\"content\":{\"title\":\"\\u63cf\\u8ff0\",\"value\":\"\",\"type\":\"textarea\"}},\"tip\":\"\"}}},\"last_news\":{\"title\":\"\\u6700\\u65b0\\u8d44\\u8baf\",\"display\":1,\"vars\":{\"last_news_category_id\":{\"title\":\"\\u6587\\u7ae0\\u5206\\u7c7bID\",\"value\":\"4\",\"type\":\"text\",\"dataSource\":{\"api\":\"portal\\/Category\\/index\",\"multi\":true},\"placeholder\":\"\\u8bf7\\u9009\\u62e9\\u5206\\u7c7b\",\"tip\":\"\",\"rule\":{\"require\":true},\"valueText\":\"\\u9996\\u9875\\u6700\\u65b0\\u6587\\u7ae0\"}}}}}','{\"vars\":{\"top_slide\":{\"title\":\"\\u9876\\u90e8\\u5e7b\\u706f\\u7247\",\"value\":\"\",\"type\":\"text\",\"dataSource\":{\"api\":\"admin\\/Slide\\/index\",\"multi\":false},\"placeholder\":\"\\u8bf7\\u9009\\u62e9\\u9876\\u90e8\\u5e7b\\u706f\\u7247\",\"tip\":\"\\u9876\\u90e8\\u5e7b\\u706f\\u7247\",\"rule\":{\"require\":true}}},\"widgets\":{\"features\":{\"title\":\"\\u5feb\\u901f\\u4e86\\u89e3ThinkCMF\",\"display\":\"1\",\"vars\":{\"sub_title\":{\"title\":\"\\u526f\\u6807\\u9898\",\"value\":\"Quickly understand the ThinkCMF\",\"type\":\"text\",\"placeholder\":\"\\u8bf7\\u8f93\\u5165\\u526f\\u6807\\u9898\",\"tip\":\"\",\"rule\":{\"require\":true}},\"features\":{\"title\":\"\\u7279\\u6027\\u4ecb\\u7ecd\",\"value\":[{\"title\":\"MVC\\u5206\\u5c42\\u6a21\\u5f0f\",\"icon\":\"bars\",\"content\":\"\\u4f7f\\u7528MVC\\u5e94\\u7528\\u7a0b\\u5e8f\\u88ab\\u5206\\u6210\\u4e09\\u4e2a\\u6838\\u5fc3\\u90e8\\u4ef6\\uff1a\\u6a21\\u578b\\uff08M\\uff09\\u3001\\u89c6\\u56fe\\uff08V\\uff09\\u3001\\u63a7\\u5236\\u5668\\uff08C\\uff09\\uff0c\\u4ed6\\u4e0d\\u662f\\u4e00\\u4e2a\\u65b0\\u7684\\u6982\\u5ff5\\uff0c\\u53ea\\u662fThinkCMF\\u5c06\\u5176\\u53d1\\u6325\\u5230\\u4e86\\u6781\\u81f4\\u3002\"},{\"title\":\"\\u7528\\u6237\\u7ba1\\u7406\",\"icon\":\"group\",\"content\":\"ThinkCMF\\u5185\\u7f6e\\u4e86\\u7075\\u6d3b\\u7684\\u7528\\u6237\\u7ba1\\u7406\\u65b9\\u5f0f\\uff0c\\u5e76\\u53ef\\u76f4\\u63a5\\u4e0e\\u7b2c\\u4e09\\u65b9\\u7ad9\\u70b9\\u8fdb\\u884c\\u4e92\\u8054\\u4e92\\u901a\\uff0c\\u5982\\u679c\\u4f60\\u613f\\u610f\\u751a\\u81f3\\u53ef\\u4ee5\\u5bf9\\u5355\\u4e2a\\u7528\\u6237\\u6216\\u7fa4\\u4f53\\u7528\\u6237\\u7684\\u884c\\u4e3a\\u8fdb\\u884c\\u8bb0\\u5f55\\u53ca\\u5206\\u4eab\\uff0c\\u4e3a\\u60a8\\u7684\\u8fd0\\u8425\\u51b3\\u7b56\\u63d0\\u4f9b\\u6709\\u6548\\u53c2\\u8003\\u6570\\u636e\\u3002\"},{\"title\":\"\\u4e91\\u7aef\\u90e8\\u7f72\",\"icon\":\"cloud\",\"content\":\"\\u901a\\u8fc7\\u9a71\\u52a8\\u7684\\u65b9\\u5f0f\\u53ef\\u4ee5\\u8f7b\\u677e\\u652f\\u6301\\u4e91\\u5e73\\u53f0\\u7684\\u90e8\\u7f72\\uff0c\\u8ba9\\u4f60\\u7684\\u7f51\\u7ad9\\u65e0\\u7f1d\\u8fc1\\u79fb\\uff0c\\u5185\\u7f6e\\u5df2\\u7ecf\\u652f\\u6301SAE\\u3001BAE\\uff0c\\u6b63\\u5f0f\\u7248\\u5c06\\u5bf9\\u4e91\\u7aef\\u90e8\\u7f72\\u8fdb\\u884c\\u8fdb\\u4e00\\u6b65\\u4f18\\u5316\\u3002\"},{\"title\":\"\\u5b89\\u5168\\u7b56\\u7565\",\"icon\":\"heart\",\"content\":\"\\u63d0\\u4f9b\\u7684\\u7a33\\u5065\\u7684\\u5b89\\u5168\\u7b56\\u7565\\uff0c\\u5305\\u62ec\\u5907\\u4efd\\u6062\\u590d\\uff0c\\u5bb9\\u9519\\uff0c\\u9632\\u6cbb\\u6076\\u610f\\u653b\\u51fb\\u767b\\u9646\\uff0c\\u7f51\\u9875\\u9632\\u7be1\\u6539\\u7b49\\u591a\\u9879\\u5b89\\u5168\\u7ba1\\u7406\\u529f\\u80fd\\uff0c\\u4fdd\\u8bc1\\u7cfb\\u7edf\\u5b89\\u5168\\uff0c\\u53ef\\u9760\\uff0c\\u7a33\\u5b9a\\u7684\\u8fd0\\u884c\\u3002\"},{\"title\":\"\\u5e94\\u7528\\u6a21\\u5757\\u5316\",\"icon\":\"cubes\",\"content\":\"\\u63d0\\u51fa\\u5168\\u65b0\\u7684\\u5e94\\u7528\\u6a21\\u5f0f\\u8fdb\\u884c\\u6269\\u5c55\\uff0c\\u4e0d\\u7ba1\\u662f\\u4f60\\u5f00\\u53d1\\u4e00\\u4e2a\\u5c0f\\u529f\\u80fd\\u8fd8\\u662f\\u4e00\\u4e2a\\u5168\\u65b0\\u7684\\u7ad9\\u70b9\\uff0c\\u5728ThinkCMF\\u4e2d\\u4f60\\u53ea\\u662f\\u589e\\u52a0\\u4e86\\u4e00\\u4e2aAPP\\uff0c\\u6bcf\\u4e2a\\u72ec\\u7acb\\u8fd0\\u884c\\u4e92\\u4e0d\\u5f71\\u54cd\\uff0c\\u4fbf\\u4e8e\\u7075\\u6d3b\\u6269\\u5c55\\u548c\\u4e8c\\u6b21\\u5f00\\u53d1\\u3002\"},{\"title\":\"\\u514d\\u8d39\\u5f00\\u6e90\",\"icon\":\"certificate\",\"content\":\"\\u4ee3\\u7801\\u9075\\u5faaApache2\\u5f00\\u6e90\\u534f\\u8bae\\uff0c\\u514d\\u8d39\\u4f7f\\u7528\\uff0c\\u5bf9\\u5546\\u4e1a\\u7528\\u6237\\u4e5f\\u65e0\\u4efb\\u4f55\\u9650\\u5236\\u3002\"}],\"type\":\"array\",\"item\":{\"title\":{\"title\":\"\\u6807\\u9898\",\"value\":\"\",\"type\":\"text\",\"rule\":{\"require\":true}},\"icon\":{\"title\":\"\\u56fe\\u6807\",\"value\":\"\",\"type\":\"text\"},\"content\":{\"title\":\"\\u63cf\\u8ff0\",\"value\":\"\",\"type\":\"textarea\"}},\"tip\":\"\"}}},\"last_news\":{\"title\":\"\\u6700\\u65b0\\u8d44\\u8baf\",\"display\":\"1\",\"vars\":{\"last_news_category_id\":{\"title\":\"\\u6587\\u7ae0\\u5206\\u7c7bID\",\"value\":\"\",\"type\":\"text\",\"dataSource\":{\"api\":\"portal\\/Category\\/index\",\"multi\":true},\"placeholder\":\"\\u8bf7\\u9009\\u62e9\\u5206\\u7c7b\",\"tip\":\"\",\"rule\":{\"require\":true}}}}}}',NULL),(12,0,10,'ruanshan','文章列表页','portal/List/index','portal/list','文章列表模板文件','{\"vars\":[],\"widgets\":{\"article_categories\":{\"title\":\"\\u6587\\u7ae0\\u5206\\u7c7b\",\"display\":1,\"vars\":{\"articles_category_root_id\":{\"title\":\"\\u6587\\u7ae0\\u5206\\u7c7bROOT_ID\",\"value\":\"5\",\"type\":\"text\",\"dataSource\":{\"api\":\"portal\\/category\\/index\",\"multi\":true},\"placeholder\":\"\\u8bf7\\u9009\\u62e9\\u5206\\u7c7b\",\"tip\":\"\",\"rule\":{\"require\":true},\"valueText\":\"H5\\u8bfe\\u5802\"}}},\"last_articles\":{\"title\":\"\\u6700\\u65b0\\u53d1\\u5e03\",\"display\":1,\"vars\":{\"last_articles_category_id\":{\"title\":\"\\u6587\\u7ae0\\u5206\\u7c7bID\",\"value\":\"4\",\"type\":\"text\",\"dataSource\":{\"api\":\"portal\\/category\\/index\",\"multi\":true},\"placeholder\":\"\\u8bf7\\u9009\\u62e9\\u5206\\u7c7b\",\"tip\":\"\",\"rule\":{\"require\":true},\"valueText\":\"\\u9996\\u9875\\u6700\\u65b0\\u6587\\u7ae0\"}}}}}','{\"vars\":[],\"widgets\":{\"article_categories\":{\"title\":\"\\u6587\\u7ae0\\u5206\\u7c7b\",\"display\":\"1\",\"vars\":{\"articles_category_root_id\":{\"title\":\"\\u6587\\u7ae0\\u5206\\u7c7bROOT_ID\",\"value\":\"\",\"type\":\"text\",\"dataSource\":{\"api\":\"portal\\/category\\/index\",\"multi\":true},\"placeholder\":\"\\u8bf7\\u9009\\u62e9\\u5206\\u7c7b\",\"tip\":\"\",\"rule\":{\"require\":true}}}},\"last_articles\":{\"title\":\"\\u6700\\u65b0\\u53d1\\u5e03\",\"display\":\"1\",\"vars\":{\"last_articles_category_id\":{\"title\":\"\\u6587\\u7ae0\\u5206\\u7c7bID\",\"value\":\"\",\"type\":\"text\",\"dataSource\":{\"api\":\"portal\\/category\\/index\",\"multi\":true},\"placeholder\":\"\\u8bf7\\u9009\\u62e9\\u5206\\u7c7b\",\"tip\":\"\",\"rule\":{\"require\":true}}}}}}',NULL),(13,0,10,'ruanshan','单页面','portal/Page/index','portal/page','单页面模板文件','{\"widgets\":{\"hottest_articles\":{\"title\":\"\\u70ed\\u95e8\\u6587\\u7ae0\",\"display\":\"1\",\"vars\":{\"hottest_articles_category_id\":{\"title\":\"\\u6587\\u7ae0\\u5206\\u7c7bID\",\"value\":\"\",\"type\":\"text\",\"dataSource\":{\"api\":\"portal\\/category\\/index\",\"multi\":true},\"placeholder\":\"\\u8bf7\\u9009\\u62e9\\u5206\\u7c7b\",\"tip\":\"\",\"rule\":{\"require\":true}}}},\"last_articles\":{\"title\":\"\\u6700\\u65b0\\u53d1\\u5e03\",\"display\":\"1\",\"vars\":{\"last_articles_category_id\":{\"title\":\"\\u6587\\u7ae0\\u5206\\u7c7bID\",\"value\":\"\",\"type\":\"text\",\"dataSource\":{\"api\":\"portal\\/category\\/index\",\"multi\":true},\"placeholder\":\"\\u8bf7\\u9009\\u62e9\\u5206\\u7c7b\",\"tip\":\"\",\"rule\":{\"require\":true}}}}}}','{\"widgets\":{\"hottest_articles\":{\"title\":\"\\u70ed\\u95e8\\u6587\\u7ae0\",\"display\":\"1\",\"vars\":{\"hottest_articles_category_id\":{\"title\":\"\\u6587\\u7ae0\\u5206\\u7c7bID\",\"value\":\"\",\"type\":\"text\",\"dataSource\":{\"api\":\"portal\\/category\\/index\",\"multi\":true},\"placeholder\":\"\\u8bf7\\u9009\\u62e9\\u5206\\u7c7b\",\"tip\":\"\",\"rule\":{\"require\":true}}}},\"last_articles\":{\"title\":\"\\u6700\\u65b0\\u53d1\\u5e03\",\"display\":\"1\",\"vars\":{\"last_articles_category_id\":{\"title\":\"\\u6587\\u7ae0\\u5206\\u7c7bID\",\"value\":\"\",\"type\":\"text\",\"dataSource\":{\"api\":\"portal\\/category\\/index\",\"multi\":true},\"placeholder\":\"\\u8bf7\\u9009\\u62e9\\u5206\\u7c7b\",\"tip\":\"\",\"rule\":{\"require\":true}}}}}}',NULL),(14,0,10,'ruanshan','搜索页面','portal/search/index','portal/search','搜索模板文件','{\"vars\":{\"varName1\":{\"title\":\"\\u70ed\\u95e8\\u641c\\u7d22\",\"value\":\"1\",\"type\":\"text\",\"tip\":\"\\u8fd9\\u662f\\u4e00\\u4e2atext\",\"rule\":{\"require\":true}}}}','{\"vars\":{\"varName1\":{\"title\":\"\\u70ed\\u95e8\\u641c\\u7d22\",\"value\":\"1\",\"type\":\"text\",\"tip\":\"\\u8fd9\\u662f\\u4e00\\u4e2atext\",\"rule\":{\"require\":true}}}}',NULL),(15,1,0,'ruanshan','模板全局配置','public/Config','public/config','模板全局配置文件','{\"vars\":{\"enable_mobile\":{\"title\":\"\\u624b\\u673a\\u6ce8\\u518c\",\"value\":\"1\",\"type\":\"select\",\"options\":{\"1\":\"\\u5f00\\u542f\",\"0\":\"\\u5173\\u95ed\"},\"tip\":\"\"}}}','{\"vars\":{\"enable_mobile\":{\"title\":\"\\u624b\\u673a\\u6ce8\\u518c\",\"value\":1,\"type\":\"select\",\"options\":{\"1\":\"\\u5f00\\u542f\",\"0\":\"\\u5173\\u95ed\"},\"tip\":\"\"}}}',NULL),(16,1,1,'ruanshan','导航条','public/Nav','public/nav','导航条模板文件','{\"vars\":{\"company_name\":{\"title\":\"\\u516c\\u53f8\\u540d\\u79f0\",\"name\":\"company_name\",\"value\":\"\\u8f6f\\u5c71\\u7f51\\u7edc\",\"type\":\"text\",\"tip\":\"\",\"rule\":[]}}}','{\"vars\":{\"company_name\":{\"title\":\"\\u516c\\u53f8\\u540d\\u79f0\",\"name\":\"company_name\",\"value\":\"ThinkCMF\",\"type\":\"text\",\"tip\":\"\",\"rule\":[]}}}',NULL),(18,0,10,'ruanshan','关于我们页','portal/Page/index','portal/about-us','关于我们页模板文件','{\"vars\":{\"baidu_map_info_window_text\":{\"title\":\"\\u767e\\u5ea6\\u5730\\u56fe\\u6807\\u6ce8\\u6587\\u5b57\",\"name\":\"baidu_map_info_window_text\",\"value\":\"\\u5927\\u8fde\\u8f6f\\u5c71\\u7f51\\u7edc\\u6709\\u9650\\u516c\\u53f8<br\\/><span class=\'\'>\\u5730\\u5740\\uff1a\\u5927\\u8fde\\u5e02\\u6c99\\u6cb3\\u53e3\\u533a\\u5c1a\\u54c1\\u5929\\u57ce2\\u53f7\\u697c 2506\\u5ba4<\\/span>\",\"type\":\"text\",\"tip\":\"\\u767e\\u5ea6\\u5730\\u56fe\\u6807\\u6ce8\\u6587\\u5b57,\\u652f\\u6301\\u7b80\\u5355html\\u4ee3\\u7801\",\"rule\":[]},\"company_location\":{\"title\":\"\\u516c\\u53f8\\u5750\\u6807\",\"value\":\"121.590605,38.92292\",\"type\":\"location\",\"tip\":\"\",\"rule\":{\"require\":true},\"valueText\":\"\\u8fbd\\u5b81\\u7701\\u5927\\u8fde\\u5e02\\u6c99\\u6cb3\\u53e3\\u533a\\u5174\\u5de5\\u5357\\u4e94\\u8857\"},\"address_cn\":{\"title\":\"\\u516c\\u53f8\\u5730\\u5740\",\"value\":\"\\u5927\\u8fde\\u5e02\\u6c99\\u6cb3\\u53e3\\u533a\\u5c1a\\u54c1\\u5929\\u57ce2\\u53f7\\u697c 2506\\u5ba4\",\"type\":\"text\",\"tip\":\"\",\"rule\":{\"require\":true}},\"address_en\":{\"title\":\"\\u516c\\u53f8\\u5730\\u5740\\uff08\\u82f1\\u6587\\uff09\",\"value\":\"NO.2506 Xing Gong Street, Dalian China\",\"type\":\"text\",\"tip\":\"\",\"rule\":{\"require\":true}},\"email\":{\"title\":\"\\u516c\\u53f8\\u90ae\\u7bb1\",\"value\":\"contact@ruanshan.com\",\"type\":\"text\",\"tip\":\"\",\"rule\":{\"require\":true}},\"phone_cn\":{\"title\":\"\\u516c\\u53f8\\u7535\\u8bdd\",\"value\":\"13322280797\",\"type\":\"text\",\"tip\":\"\",\"rule\":{\"require\":true}},\"phone_en\":{\"title\":\"\\u516c\\u53f8\\u7535\\u8bdd\\uff08\\u82f1\\u6587\\uff09\",\"value\":\"+86-13322280797\",\"type\":\"text\",\"tip\":\"\",\"rule\":{\"require\":true}},\"qq\":{\"title\":\"\\u8054\\u7cfbQQ\",\"value\":\"17778361\",\"type\":\"text\",\"tip\":\"\\u591a\\u4e2a QQ\\u4ee5\\u82f1\\u6587\\u9017\\u53f7\\u9694\\u5f00\",\"rule\":{\"require\":true}}}}','{\"vars\":{\"baidu_map_info_window_text\":{\"title\":\"\\u767e\\u5ea6\\u5730\\u56fe\\u6807\\u6ce8\\u6587\\u5b57\",\"name\":\"baidu_map_info_window_text\",\"value\":\"ThinkCMF<br\\/><span class=\'\'>\\u5730\\u5740\\uff1a\\u4e0a\\u6d77\\u5e02\\u5f90\\u6c47\\u533a\\u659c\\u571f\\u8def2601\\u53f7<\\/span>\",\"type\":\"text\",\"tip\":\"\\u767e\\u5ea6\\u5730\\u56fe\\u6807\\u6ce8\\u6587\\u5b57,\\u652f\\u6301\\u7b80\\u5355html\\u4ee3\\u7801\",\"rule\":[]},\"company_location\":{\"title\":\"\\u516c\\u53f8\\u5750\\u6807\",\"value\":\"\",\"type\":\"location\",\"tip\":\"\",\"rule\":{\"require\":true}},\"address_cn\":{\"title\":\"\\u516c\\u53f8\\u5730\\u5740\",\"value\":\"\\u4e0a\\u6d77\\u5e02\\u5f90\\u6c47\\u533a\\u659c\\u571f\\u8def0001\\u53f7\",\"type\":\"text\",\"tip\":\"\",\"rule\":{\"require\":true}},\"address_en\":{\"title\":\"\\u516c\\u53f8\\u5730\\u5740\\uff08\\u82f1\\u6587\\uff09\",\"value\":\"NO.0001 Xie Tu Road, Shanghai China\",\"type\":\"text\",\"tip\":\"\",\"rule\":{\"require\":true}},\"email\":{\"title\":\"\\u516c\\u53f8\\u90ae\\u7bb1\",\"value\":\"catman@thinkcmf.com\",\"type\":\"text\",\"tip\":\"\",\"rule\":{\"require\":true}},\"phone_cn\":{\"title\":\"\\u516c\\u53f8\\u7535\\u8bdd\",\"value\":\"021 1000 0001\",\"type\":\"text\",\"tip\":\"\",\"rule\":{\"require\":true}},\"phone_en\":{\"title\":\"\\u516c\\u53f8\\u7535\\u8bdd\\uff08\\u82f1\\u6587\\uff09\",\"value\":\"+8621 1000 0001\",\"type\":\"text\",\"tip\":\"\",\"rule\":{\"require\":true}},\"qq\":{\"title\":\"\\u8054\\u7cfbQQ\",\"value\":\"478519726\",\"type\":\"text\",\"tip\":\"\\u591a\\u4e2a QQ\\u4ee5\\u82f1\\u6587\\u9017\\u53f7\\u9694\\u5f00\",\"rule\":{\"require\":true}}}}',NULL),(19,0,10,'ruanshan','案例列表页','portal/List/index','portal/cases','案例列表模板文件','{\"vars\":[],\"widgets\":{\"hottest_articles\":{\"title\":\"\\u70ed\\u95e8\\u6587\\u7ae0\",\"display\":\"1\",\"vars\":{\"hottest_articles_category_id\":{\"title\":\"\\u6587\\u7ae0\\u5206\\u7c7bID\",\"value\":\"\",\"type\":\"text\",\"dataSource\":{\"api\":\"portal\\/category\\/index\",\"multi\":true},\"placeholder\":\"\\u8bf7\\u9009\\u62e9\\u5206\\u7c7b\",\"tip\":\"\",\"rule\":{\"require\":true}}}},\"last_articles\":{\"title\":\"\\u6700\\u65b0\\u53d1\\u5e03\",\"display\":\"1\",\"vars\":{\"last_articles_category_id\":{\"title\":\"\\u6587\\u7ae0\\u5206\\u7c7bID\",\"value\":\"\",\"type\":\"text\",\"dataSource\":{\"api\":\"portal\\/category\\/index\",\"multi\":true},\"placeholder\":\"\\u8bf7\\u9009\\u62e9\\u5206\\u7c7b\",\"tip\":\"\",\"rule\":{\"require\":true}}}}}}','{\"vars\":[],\"widgets\":{\"hottest_articles\":{\"title\":\"\\u70ed\\u95e8\\u6587\\u7ae0\",\"display\":\"1\",\"vars\":{\"hottest_articles_category_id\":{\"title\":\"\\u6587\\u7ae0\\u5206\\u7c7bID\",\"value\":\"\",\"type\":\"text\",\"dataSource\":{\"api\":\"portal\\/category\\/index\",\"multi\":true},\"placeholder\":\"\\u8bf7\\u9009\\u62e9\\u5206\\u7c7b\",\"tip\":\"\",\"rule\":{\"require\":true}}}},\"last_articles\":{\"title\":\"\\u6700\\u65b0\\u53d1\\u5e03\",\"display\":\"1\",\"vars\":{\"last_articles_category_id\":{\"title\":\"\\u6587\\u7ae0\\u5206\\u7c7bID\",\"value\":\"\",\"type\":\"text\",\"dataSource\":{\"api\":\"portal\\/category\\/index\",\"multi\":true},\"placeholder\":\"\\u8bf7\\u9009\\u62e9\\u5206\\u7c7b\",\"tip\":\"\",\"rule\":{\"require\":true}}}}}}',NULL);
/*!40000 ALTER TABLE `cmf_theme_file` ENABLE KEYS */;
UNLOCK TABLES;

--
-- Table structure for table `cmf_third_party_user`
--

DROP TABLE IF EXISTS `cmf_third_party_user`;
/*!40101 SET @saved_cs_client     = @@character_set_client */;
/*!40101 SET character_set_client = utf8 */;
CREATE TABLE `cmf_third_party_user` (
  `id` bigint(20) unsigned NOT NULL AUTO_INCREMENT,
  `user_id` bigint(20) unsigned NOT NULL DEFAULT '0' COMMENT '本站用户id',
  `last_login_time` int(10) unsigned NOT NULL DEFAULT '0' COMMENT '最后登录时间',
  `expire_time` int(10) unsigned NOT NULL DEFAULT '0' COMMENT 'access_token过期时间',
  `create_time` int(10) unsigned NOT NULL DEFAULT '0' COMMENT '绑定时间',
  `login_times` int(10) unsigned NOT NULL DEFAULT '0' COMMENT '登录次数',
  `status` tinyint(3) unsigned NOT NULL DEFAULT '1' COMMENT '状态;1:正常;0:禁用',
  `nickname` varchar(50) NOT NULL DEFAULT '' COMMENT '用户昵称',
  `third_party` varchar(20) NOT NULL DEFAULT '' COMMENT '第三方唯一码',
  `app_id` varchar(64) NOT NULL DEFAULT '' COMMENT '第三方应用 id',
  `last_login_ip` varchar(15) NOT NULL DEFAULT '' COMMENT '最后登录ip',
  `access_token` varchar(512) NOT NULL DEFAULT '' COMMENT '第三方授权码',
  `openid` varchar(40) NOT NULL DEFAULT '' COMMENT '第三方用户id',
  `union_id` varchar(64) NOT NULL DEFAULT '' COMMENT '第三方用户多个产品中的惟一 id,(如:微信平台)',
  `more` text COMMENT '扩展信息',
  PRIMARY KEY (`id`)
) ENGINE=InnoDB DEFAULT CHARSET=utf8mb4 COMMENT='第三方用户表';
/*!40101 SET character_set_client = @saved_cs_client */;

--
-- Dumping data for table `cmf_third_party_user`
--

LOCK TABLES `cmf_third_party_user` WRITE;
/*!40000 ALTER TABLE `cmf_third_party_user` DISABLE KEYS */;
/*!40000 ALTER TABLE `cmf_third_party_user` ENABLE KEYS */;
UNLOCK TABLES;

--
-- Table structure for table `cmf_user`
--

DROP TABLE IF EXISTS `cmf_user`;
/*!40101 SET @saved_cs_client     = @@character_set_client */;
/*!40101 SET character_set_client = utf8 */;
CREATE TABLE `cmf_user` (
  `id` bigint(20) unsigned NOT NULL AUTO_INCREMENT,
  `user_type` tinyint(3) unsigned NOT NULL DEFAULT '1' COMMENT '用户类型;1:admin;2:会员',
  `sex` tinyint(2) NOT NULL DEFAULT '0' COMMENT '性别;0:保密,1:男,2:女',
  `birthday` int(11) NOT NULL DEFAULT '0' COMMENT '生日',
  `last_login_time` int(11) NOT NULL DEFAULT '0' COMMENT '最后登录时间',
  `score` int(11) NOT NULL DEFAULT '0' COMMENT '用户积分',
  `coin` int(10) unsigned NOT NULL DEFAULT '0' COMMENT '金币',
  `balance` decimal(10,2) NOT NULL DEFAULT '0.00' COMMENT '余额',
  `create_time` int(11) NOT NULL DEFAULT '0' COMMENT '注册时间',
  `user_status` tinyint(3) unsigned NOT NULL DEFAULT '1' COMMENT '用户状态;0:禁用,1:正常,2:未验证',
  `user_login` varchar(60) CHARACTER SET utf8mb4 COLLATE utf8mb4_unicode_ci NOT NULL DEFAULT '' COMMENT '用户名',
  `user_pass` varchar(64) NOT NULL DEFAULT '' COMMENT '登录密码;cmf_password加密',
  `user_nickname` varchar(50) CHARACTER SET utf8mb4 COLLATE utf8mb4_unicode_ci NOT NULL DEFAULT '' COMMENT '用户昵称',
  `user_email` varchar(100) NOT NULL DEFAULT '' COMMENT '用户登录邮箱',
  `user_url` varchar(100) NOT NULL DEFAULT '' COMMENT '用户个人网址',
  `avatar` varchar(255) NOT NULL DEFAULT '' COMMENT '用户头像',
  `signature` varchar(255) NOT NULL DEFAULT '' COMMENT '个性签名',
  `last_login_ip` varchar(15) NOT NULL DEFAULT '' COMMENT '最后登录ip',
  `user_activation_key` varchar(60) NOT NULL DEFAULT '' COMMENT '激活码',
  `mobile` varchar(20) NOT NULL DEFAULT '' COMMENT '中国手机不带国家代码，国际手机号格式为：国家代码-手机号',
  `more` text COMMENT '扩展属性',
  PRIMARY KEY (`id`),
  KEY `user_login` (`user_login`),
  KEY `user_nickname` (`user_nickname`)
) ENGINE=InnoDB AUTO_INCREMENT=2 DEFAULT CHARSET=utf8mb4 COMMENT='用户表';
/*!40101 SET character_set_client = @saved_cs_client */;

--
-- Dumping data for table `cmf_user`
--

LOCK TABLES `cmf_user` WRITE;
/*!40000 ALTER TABLE `cmf_user` DISABLE KEYS */;
INSERT INTO `cmf_user` VALUES (1,1,0,0,1587208180,0,0,0.00,1586414804,1,'admin','###2356b868e08ec639edcfe65b6eaef0be','admin','david@getstore.cn','','','','127.0.0.1','','',NULL);
/*!40000 ALTER TABLE `cmf_user` ENABLE KEYS */;
UNLOCK TABLES;

--
-- Table structure for table `cmf_user_action`
--

DROP TABLE IF EXISTS `cmf_user_action`;
/*!40101 SET @saved_cs_client     = @@character_set_client */;
/*!40101 SET character_set_client = utf8 */;
CREATE TABLE `cmf_user_action` (
  `id` int(11) NOT NULL AUTO_INCREMENT,
  `score` int(11) NOT NULL DEFAULT '0' COMMENT '更改积分，可以为负',
  `coin` int(11) NOT NULL DEFAULT '0' COMMENT '更改金币，可以为负',
  `reward_number` int(11) NOT NULL DEFAULT '0' COMMENT '奖励次数',
  `cycle_type` tinyint(1) unsigned NOT NULL DEFAULT '0' COMMENT '周期类型;0:不限;1:按天;2:按小时;3:永久',
  `cycle_time` int(10) unsigned NOT NULL DEFAULT '0' COMMENT '周期时间值',
  `name` varchar(50) NOT NULL DEFAULT '' COMMENT '用户操作名称',
  `action` varchar(50) NOT NULL DEFAULT '' COMMENT '用户操作名称',
  `app` varchar(50) NOT NULL DEFAULT '' COMMENT '操作所在应用名或插件名等',
  `url` text COMMENT '执行操作的url',
  PRIMARY KEY (`id`)
) ENGINE=InnoDB AUTO_INCREMENT=2 DEFAULT CHARSET=utf8mb4 COMMENT='用户操作表';
/*!40101 SET character_set_client = @saved_cs_client */;

--
-- Dumping data for table `cmf_user_action`
--

LOCK TABLES `cmf_user_action` WRITE;
/*!40000 ALTER TABLE `cmf_user_action` DISABLE KEYS */;
INSERT INTO `cmf_user_action` VALUES (1,1,1,1,2,1,'用户登录','login','user','');
/*!40000 ALTER TABLE `cmf_user_action` ENABLE KEYS */;
UNLOCK TABLES;

--
-- Table structure for table `cmf_user_action_log`
--

DROP TABLE IF EXISTS `cmf_user_action_log`;
/*!40101 SET @saved_cs_client     = @@character_set_client */;
/*!40101 SET character_set_client = utf8 */;
CREATE TABLE `cmf_user_action_log` (
  `id` bigint(20) unsigned NOT NULL AUTO_INCREMENT,
  `user_id` bigint(20) unsigned NOT NULL DEFAULT '0' COMMENT '用户id',
  `count` int(10) unsigned NOT NULL DEFAULT '0' COMMENT '访问次数',
  `last_visit_time` int(10) unsigned NOT NULL DEFAULT '0' COMMENT '最后访问时间',
  `object` varchar(100) NOT NULL DEFAULT '' COMMENT '访问对象的id,格式:不带前缀的表名+id;如posts1表示xx_posts表里id为1的记录',
  `action` varchar(50) NOT NULL DEFAULT '' COMMENT '操作名称;格式:应用名+控制器+操作名,也可自己定义格式只要不发生冲突且惟一;',
  `ip` varchar(15) NOT NULL DEFAULT '' COMMENT '用户ip',
  PRIMARY KEY (`id`),
  KEY `user_object_action` (`user_id`,`object`,`action`),
  KEY `user_object_action_ip` (`user_id`,`object`,`action`,`ip`)
) ENGINE=InnoDB DEFAULT CHARSET=utf8mb4 COMMENT='访问记录表';
/*!40101 SET character_set_client = @saved_cs_client */;

--
-- Dumping data for table `cmf_user_action_log`
--

LOCK TABLES `cmf_user_action_log` WRITE;
/*!40000 ALTER TABLE `cmf_user_action_log` DISABLE KEYS */;
/*!40000 ALTER TABLE `cmf_user_action_log` ENABLE KEYS */;
UNLOCK TABLES;

--
-- Table structure for table `cmf_user_balance_log`
--

DROP TABLE IF EXISTS `cmf_user_balance_log`;
/*!40101 SET @saved_cs_client     = @@character_set_client */;
/*!40101 SET character_set_client = utf8 */;
CREATE TABLE `cmf_user_balance_log` (
  `id` int(10) unsigned NOT NULL AUTO_INCREMENT,
  `user_id` bigint(20) NOT NULL DEFAULT '0' COMMENT '用户 id',
  `create_time` int(10) unsigned NOT NULL DEFAULT '0' COMMENT '创建时间',
  `change` decimal(10,2) NOT NULL DEFAULT '0.00' COMMENT '更改余额',
  `balance` decimal(10,2) NOT NULL DEFAULT '0.00' COMMENT '更改后余额',
  `description` varchar(255) NOT NULL DEFAULT '' COMMENT '描述',
  `remark` varchar(255) NOT NULL DEFAULT '' COMMENT '备注',
  PRIMARY KEY (`id`)
) ENGINE=InnoDB DEFAULT CHARSET=utf8mb4 COMMENT='用户余额变更日志表';
/*!40101 SET character_set_client = @saved_cs_client */;

--
-- Dumping data for table `cmf_user_balance_log`
--

LOCK TABLES `cmf_user_balance_log` WRITE;
/*!40000 ALTER TABLE `cmf_user_balance_log` DISABLE KEYS */;
/*!40000 ALTER TABLE `cmf_user_balance_log` ENABLE KEYS */;
UNLOCK TABLES;

--
-- Table structure for table `cmf_user_favorite`
--

DROP TABLE IF EXISTS `cmf_user_favorite`;
/*!40101 SET @saved_cs_client     = @@character_set_client */;
/*!40101 SET character_set_client = utf8 */;
CREATE TABLE `cmf_user_favorite` (
  `id` bigint(20) unsigned NOT NULL AUTO_INCREMENT,
  `user_id` bigint(20) unsigned NOT NULL DEFAULT '0' COMMENT '用户 id',
  `title` varchar(100) NOT NULL DEFAULT '' COMMENT '收藏内容的标题',
  `thumbnail` varchar(100) NOT NULL DEFAULT '' COMMENT '缩略图',
  `url` varchar(255) DEFAULT NULL COMMENT '收藏内容的原文地址，JSON格式',
  `description` text COMMENT '收藏内容的描述',
  `table_name` varchar(64) NOT NULL DEFAULT '' COMMENT '收藏实体以前所在表,不带前缀',
  `object_id` int(10) unsigned DEFAULT '0' COMMENT '收藏内容原来的主键id',
  `create_time` int(10) unsigned DEFAULT '0' COMMENT '收藏时间',
  PRIMARY KEY (`id`),
  KEY `uid` (`user_id`)
) ENGINE=InnoDB DEFAULT CHARSET=utf8mb4 COMMENT='用户收藏表';
/*!40101 SET character_set_client = @saved_cs_client */;

--
-- Dumping data for table `cmf_user_favorite`
--

LOCK TABLES `cmf_user_favorite` WRITE;
/*!40000 ALTER TABLE `cmf_user_favorite` DISABLE KEYS */;
/*!40000 ALTER TABLE `cmf_user_favorite` ENABLE KEYS */;
UNLOCK TABLES;

--
-- Table structure for table `cmf_user_like`
--

DROP TABLE IF EXISTS `cmf_user_like`;
/*!40101 SET @saved_cs_client     = @@character_set_client */;
/*!40101 SET character_set_client = utf8 */;
CREATE TABLE `cmf_user_like` (
  `id` bigint(20) unsigned NOT NULL AUTO_INCREMENT,
  `user_id` bigint(20) unsigned NOT NULL DEFAULT '0' COMMENT '用户 id',
  `object_id` int(10) unsigned NOT NULL DEFAULT '0' COMMENT '内容原来的主键id',
  `create_time` int(10) unsigned NOT NULL DEFAULT '0' COMMENT '创建时间',
  `table_name` varchar(64) NOT NULL DEFAULT '' COMMENT '内容以前所在表,不带前缀',
  `url` varchar(255) NOT NULL DEFAULT '' COMMENT '内容的原文地址，不带域名',
  `title` varchar(100) NOT NULL DEFAULT '' COMMENT '内容的标题',
  `thumbnail` varchar(100) NOT NULL DEFAULT '' COMMENT '缩略图',
  `description` text COMMENT '内容的描述',
  PRIMARY KEY (`id`),
  KEY `uid` (`user_id`)
) ENGINE=InnoDB DEFAULT CHARSET=utf8mb4 COMMENT='用户点赞表';
/*!40101 SET character_set_client = @saved_cs_client */;

--
-- Dumping data for table `cmf_user_like`
--

LOCK TABLES `cmf_user_like` WRITE;
/*!40000 ALTER TABLE `cmf_user_like` DISABLE KEYS */;
/*!40000 ALTER TABLE `cmf_user_like` ENABLE KEYS */;
UNLOCK TABLES;

--
-- Table structure for table `cmf_user_login_attempt`
--

DROP TABLE IF EXISTS `cmf_user_login_attempt`;
/*!40101 SET @saved_cs_client     = @@character_set_client */;
/*!40101 SET character_set_client = utf8 */;
CREATE TABLE `cmf_user_login_attempt` (
  `id` bigint(20) unsigned NOT NULL AUTO_INCREMENT,
  `login_attempts` int(10) unsigned NOT NULL DEFAULT '0' COMMENT '尝试次数',
  `attempt_time` int(10) unsigned NOT NULL DEFAULT '0' COMMENT '尝试登录时间',
  `locked_time` int(10) unsigned NOT NULL DEFAULT '0' COMMENT '锁定时间',
  `ip` varchar(15) NOT NULL DEFAULT '' COMMENT '用户 ip',
  `account` varchar(100) NOT NULL DEFAULT '' COMMENT '用户账号,手机号,邮箱或用户名',
  PRIMARY KEY (`id`)
) ENGINE=InnoDB DEFAULT CHARSET=utf8mb4 ROW_FORMAT=COMPACT COMMENT='用户登录尝试表';
/*!40101 SET character_set_client = @saved_cs_client */;

--
-- Dumping data for table `cmf_user_login_attempt`
--

LOCK TABLES `cmf_user_login_attempt` WRITE;
/*!40000 ALTER TABLE `cmf_user_login_attempt` DISABLE KEYS */;
/*!40000 ALTER TABLE `cmf_user_login_attempt` ENABLE KEYS */;
UNLOCK TABLES;

--
-- Table structure for table `cmf_user_score_log`
--

DROP TABLE IF EXISTS `cmf_user_score_log`;
/*!40101 SET @saved_cs_client     = @@character_set_client */;
/*!40101 SET character_set_client = utf8 */;
CREATE TABLE `cmf_user_score_log` (
  `id` int(11) NOT NULL AUTO_INCREMENT,
  `user_id` bigint(20) NOT NULL DEFAULT '0' COMMENT '用户 id',
  `create_time` int(11) NOT NULL DEFAULT '0' COMMENT '创建时间',
  `action` varchar(50) NOT NULL DEFAULT '' COMMENT '用户操作名称',
  `score` int(11) NOT NULL DEFAULT '0' COMMENT '更改积分，可以为负',
  `coin` int(11) NOT NULL DEFAULT '0' COMMENT '更改金币，可以为负',
  PRIMARY KEY (`id`)
) ENGINE=InnoDB DEFAULT CHARSET=utf8mb4 COMMENT='用户操作积分等奖励日志表';
/*!40101 SET character_set_client = @saved_cs_client */;

--
-- Dumping data for table `cmf_user_score_log`
--

LOCK TABLES `cmf_user_score_log` WRITE;
/*!40000 ALTER TABLE `cmf_user_score_log` DISABLE KEYS */;
/*!40000 ALTER TABLE `cmf_user_score_log` ENABLE KEYS */;
UNLOCK TABLES;

--
-- Table structure for table `cmf_user_token`
--

DROP TABLE IF EXISTS `cmf_user_token`;
/*!40101 SET @saved_cs_client     = @@character_set_client */;
/*!40101 SET character_set_client = utf8 */;
CREATE TABLE `cmf_user_token` (
  `id` bigint(20) NOT NULL AUTO_INCREMENT,
  `user_id` bigint(20) NOT NULL DEFAULT '0' COMMENT '用户id',
  `expire_time` int(10) unsigned NOT NULL DEFAULT '0' COMMENT ' 过期时间',
  `create_time` int(10) unsigned NOT NULL DEFAULT '0' COMMENT '创建时间',
  `token` varchar(64) NOT NULL DEFAULT '' COMMENT 'token',
  `device_type` varchar(10) NOT NULL DEFAULT '' COMMENT '设备类型;mobile,android,iphone,ipad,web,pc,mac,wxapp',
  PRIMARY KEY (`id`)
) ENGINE=InnoDB AUTO_INCREMENT=2 DEFAULT CHARSET=utf8mb4 COMMENT='用户客户端登录 token 表';
/*!40101 SET character_set_client = @saved_cs_client */;

--
-- Dumping data for table `cmf_user_token`
--

LOCK TABLES `cmf_user_token` WRITE;
/*!40000 ALTER TABLE `cmf_user_token` DISABLE KEYS */;
INSERT INTO `cmf_user_token` VALUES (1,1,1601966854,1586414854,'a5f9d33566559523571c10dc4b23863ba5f9d33566559523571c10dc4b23863b','web');
/*!40000 ALTER TABLE `cmf_user_token` ENABLE KEYS */;
UNLOCK TABLES;

--
-- Table structure for table `cmf_verification_code`
--

DROP TABLE IF EXISTS `cmf_verification_code`;
/*!40101 SET @saved_cs_client     = @@character_set_client */;
/*!40101 SET character_set_client = utf8 */;
CREATE TABLE `cmf_verification_code` (
  `id` bigint(20) unsigned NOT NULL AUTO_INCREMENT COMMENT '表id',
  `count` int(10) unsigned NOT NULL DEFAULT '0' COMMENT '当天已经发送成功的次数',
  `send_time` int(10) unsigned NOT NULL DEFAULT '0' COMMENT '最后发送成功时间',
  `expire_time` int(10) unsigned NOT NULL DEFAULT '0' COMMENT '验证码过期时间',
  `code` varchar(8) CHARACTER SET utf8 NOT NULL DEFAULT '' COMMENT '最后发送成功的验证码',
  `account` varchar(100) CHARACTER SET utf8 NOT NULL DEFAULT '' COMMENT '手机号或者邮箱',
  PRIMARY KEY (`id`)
) ENGINE=InnoDB DEFAULT CHARSET=utf8mb4 COMMENT='手机邮箱数字验证码表';
/*!40101 SET character_set_client = @saved_cs_client */;

--
-- Dumping data for table `cmf_verification_code`
--

LOCK TABLES `cmf_verification_code` WRITE;
/*!40000 ALTER TABLE `cmf_verification_code` DISABLE KEYS */;
/*!40000 ALTER TABLE `cmf_verification_code` ENABLE KEYS */;
UNLOCK TABLES;

--
-- Dumping events for database 'cmf'
--
/*!40103 SET TIME_ZONE=@OLD_TIME_ZONE */;

/*!40101 SET SQL_MODE=@OLD_SQL_MODE */;
/*!40014 SET FOREIGN_KEY_CHECKS=@OLD_FOREIGN_KEY_CHECKS */;
/*!40014 SET UNIQUE_CHECKS=@OLD_UNIQUE_CHECKS */;
/*!40101 SET CHARACTER_SET_CLIENT=@OLD_CHARACTER_SET_CLIENT */;
/*!40101 SET CHARACTER_SET_RESULTS=@OLD_CHARACTER_SET_RESULTS */;
/*!40101 SET COLLATION_CONNECTION=@OLD_COLLATION_CONNECTION */;
/*!40111 SET SQL_NOTES=@OLD_SQL_NOTES */;

-- Dump completed on 2020-04-21 14:27:00
